label,metaGroupId,groupId,goodPeakCount,medMz,medRt,maxQuality,adductName,isotopeLabel,compound,compoundId,formula,expectedRtDiff,ppmDiff,parent,blank,blank_20230208200439,blank_20230209025603,blank_20230209092143,blank_20230209154725,blank_20230209221301,blank_20230213131157,o1_1,o1_2,o1_3,o1_4,o1_5,o1_6,o1_7,o2_1,o2_2,o2_3,o2_4,o2_5,o2_6,o2_7,o3_1,o3_2,o3_3,o3_4,o3_5,o3_6,o3_7,o4_1,o4_2,o4_3,o4_4,o4_5,o4_6,o4_7,o5_1,o5_2,o5_3,o5_4,o5_5,o5_6,o5_7,w1_1,w1_2,w1_3,w1_4,w1_5,w1_6,w1_7,w2_1,w2_2,w2_3,w2_4,w2_5,w2_6,w2_7,w3_1,w3_2,w3_3,w3_4,w3_5,w3_6,w3_7,w4_1,w4_2,w4_3,w4_4,w4_5,w4_6,w4_7,w5_1,w5_2,w5_3,w5_4,w5_5,w5_6,w5_7
g,1,1,75,162.111420,13.060,0.837740,[M+H]+,,L-Carnitine,L-Carnitine,C7H15NO3,0.060,6.494605,162.111420,1219600.50,28598.36,53780.14,65013.11,55852.14,59536.14,89205.31,131180328.00,69269888.00,116284440.00,23649878.00,119485536.00,129749592.00,137410176.00,155332688.00,59313920.00,138647616.00,122698592.00,130572360.00,123216384.00,162795312.00,159626768.00,68442432.00,178119440.00,84502848.00,125197832.00,131788992.00,95154312.00,172047376.00,93650920.00,138105552.00,125294248.00,145009872.00,152664528.00,84284944.00,164947536.00,72241976.00,132107584.00,134307264.00,123184128.00,148296592.00,243692544.00,187241040.00,88412672.00,123642752.00,118427064.00,124771512.00,143499248.00,125685400.00,233972080.00,62082000.00,166679376.00,184323376.00,143757104.00,157510640.00,118081992.00,168015440.00,130101248.00,89271544.00,142016064.00,153559312.00,160749840.00,132888360.00,168739200.00,102741216.00,157946896.00,170633072.00,124406888.00,131719832.00,85057640.00,221457776.00,104140280.00,97634648.00,192816192.00,157890224.00,154439088.00,94508264.00
g,3,3,0,162.054199,4.190,0.598992,[M+H]+,,Indole-3-carboxylic acid,Indole-3-carboxylic acid,C9H7NO2,0.210,4.707906,162.054199,9947.94,5949.23,10142.18,6841.96,7746.46,10718.68,1852.78,41332.91,26044.28,50120.83,11191.65,35862.03,44986.44,61931.52,67238.77,32864.07,49476.26,45623.75,62010.84,56485.09,42638.05,70883.37,49367.88,54115.23,28854.68,63553.89,54896.05,35060.57,81870.53,48812.34,68585.52,35801.38,65133.71,59148.62,31611.44,73519.63,28681.05,62532.70,30514.60,63222.58,55941.96,73618.49,65861.65,40115.48,44726.64,20221.50,51729.42,51002.64,40477.66,65505.98,36014.23,51078.54,37636.24,40217.57,57755.55,32420.62,53769.29,35995.14,36403.87,25027.41,47246.93,49341.33,23362.76,33950.30,19005.91,57674.29,33935.38,33986.73,35672.71,23693.09,43042.07,30319.09,41276.55,18789.67,43195.07,51174.80,29042.57
g,5,5,74,160.132568,13.540,0.837562,[M+H]+,,DL-2-Aminooctanoic acid,DL-2-Aminooctanoic acid,C8H17NO2,0.540,4.002100,160.132568,59650.64,4396.15,3019.22,6948.25,4692.22,4906.68,6262.94,9072989.00,3587549.00,7197759.50,1539847.62,8087662.00,8073180.00,8008764.50,10241591.00,3613392.25,8419855.00,7115982.00,8471754.00,7823784.00,9474222.00,9215443.00,4363105.50,10558127.00,4965212.50,7625709.50,8575065.00,5237026.00,9217045.00,5838092.50,7211740.00,6491813.50,8007429.50,8496527.00,4034987.00,9944316.00,4560424.50,8505180.00,8077076.00,8773883.00,10287860.00,15126540.00,5766814.50,3271598.00,4425942.50,3964981.25,4320149.50,4970337.50,4385012.50,7090762.50,2175129.75,5610572.00,5595875.50,4504590.50,4747067.50,3747417.00,5618814.00,3866903.25,2772007.75,4301788.50,4498934.00,4705232.00,3989239.75,4855435.50,3411119.25,4803250.50,4622271.50,3821374.75,4079224.75,2477678.75,6446820.00,3654136.00,3395451.00,6042432.00,4992900.50,4455549.50,2661929.00
g,7,7,0,166.085632,8.868,0.631391,[M+H]+,,L-Phenylalanine,L-Phenylalanine,C9H11NO2,0.208,3.766780,166.085632,274994.03,14645.60,17115.31,18071.84,13952.37,13440.29,39035.49,2947330.75,1306411.88,2006542.38,374727.41,2690166.25,2083122.38,2085370.12,2970708.00,1137761.62,2009631.50,1755323.62,2710080.75,2465250.75,1982191.62,2901346.25,2485345.25,2047615.12,1087868.50,2953413.25,2821632.75,1138595.50,3307182.25,1957274.38,2116874.25,1507805.00,2861919.25,2889443.75,1156411.12,2431400.75,1244144.75,2105917.50,1346951.62,2637810.25,2360573.00,2546602.75,2490868.25,1396393.88,1699729.62,1163878.88,1764422.00,1991581.00,1569180.50,1997583.50,652992.06,2084090.88,1475109.50,1454513.00,1963834.12,1243871.75,2299920.25,1368189.62,1253462.38,1297241.62,1725728.62,1817110.00,1093238.50,1877077.00,848060.69,1684165.88,1443905.38,1659034.62,1960716.62,708249.81,2397386.25,1302751.88,1194548.88,1001243.06,1789279.62,1772941.12,837052.94
g,8,8,69,166.052673,13.146,0.835191,[M+H]+,,Methionine sulfoxide,Methionine sulfoxide,C5H11NO3S,0.166,3.399965,166.052673,4711.44,8467.76,4219.93,5230.43,4982.81,3857.21,1528.26,491741.41,211448.05,267983.28,66656.17,424678.72,225311.83,246694.80,495660.00,223395.45,308281.91,354060.84,471040.34,433184.91,285688.81,509433.25,706838.50,358173.72,194676.62,507039.72,446427.66,166300.33,561562.69,432183.50,477148.78,331383.88,531423.56,505521.50,169057.83,393502.84,248311.92,429463.16,246942.75,469455.47,407856.75,297335.25,573993.81,332689.41,370367.84,235828.33,353552.59,437482.25,305972.19,667204.44,127545.80,518730.34,244825.62,332262.97,450748.41,325965.72,642899.81,280969.97,354700.41,364242.47,324496.81,411009.09,192649.05,527921.31,163782.33,534125.19,373704.38,436852.75,511537.91,174430.14,653913.06,350770.38,459129.03,195370.75,398481.28,471090.16,249964.45
g,9,9,2,163.059448,11.670,0.755864,[M+H]+,,3-Hydroxymethylglutaric acid,3-Hydroxymethylglutaric acid,C6H10O5,0.520,4.023841,163.059448,1403.83,2436.83,569.70,444.75,699.21,214.34,1372.13,127371.57,62696.81,72418.16,22222.97,116609.95,139811.08,126859.27,171298.84,56939.50,98219.41,127744.54,150114.83,147186.70,97112.02,160405.11,68868.51,70283.16,102614.16,148689.27,166379.83,56062.64,167659.98,76739.10,124165.75,145042.30,156297.98,171967.61,62035.96,128262.52,76954.21,144624.72,82266.50,150731.83,147566.67,101338.60,61975.74,33323.64,57167.72,47914.08,49571.56,65508.14,64312.44,92028.16,42339.84,90785.81,72540.77,58861.52,70922.09,49579.61,72363.90,67471.77,40585.43,53846.95,53459.90,61507.76,59426.54,51750.06,41176.81,56660.12,56007.66,49604.92,53760.11,22874.08,72296.66,54735.19,45819.03,58500.27,66424.64,54980.20,35827.12
g,12,12,0,160.074982,3.471,0.625049,[M+H]+,,Indoleacetaldehyde,Indoleacetaldehyde,C10H9NO,0.821,4.384828,160.074982,11182.18,2252.30,2428.59,2485.36,2256.12,2903.61,2503.41,220999.05,55500.05,83884.73,12442.07,106220.34,108028.62,119480.79,156576.78,56730.92,94447.04,51567.91,116609.60,116805.57,69983.40,108167.96,69505.53,98664.44,48078.78,143353.53,122722.80,45744.64,98761.25,66081.03,62109.64,58513.09,123603.84,106152.78,43928.45,96858.94,94299.38,108069.76,38566.89,117321.98,88768.25,139022.69,138399.20,60506.29,72353.16,58963.39,83617.20,107533.18,61617.53,76390.71,23425.90,65815.73,45728.84,68506.22,74749.59,46128.04,105029.12,50529.47,57019.06,40787.20,82440.45,62940.28,37566.01,57561.26,23034.65,57626.72,44237.86,62150.78,62791.95,15024.48,67982.05,61137.95,48278.45,27743.41,75358.80,76863.56,28149.48
g,14,14,0,151.060867,10.169,0.300061,[M+H]+,,D-Ribose,D-Ribose,C5H10O5,0.431,5.050569,151.060867,5859.67,5012.10,744.49,601.69,443.44,415.66,501.51,41250.21,11389.74,16988.10,5970.54,30624.33,17431.79,13760.07,35190.68,7425.29,16654.70,27169.99,34096.40,36113.33,16435.93,38557.09,13724.08,20039.85,11222.50,36332.53,31497.38,9003.97,44791.75,17531.54,35364.95,24303.48,40617.05,34570.63,10993.42,18669.96,11378.31,26490.53,14017.72,27917.55,21309.35,10929.05,43469.63,14429.13,18578.71,10216.22,18896.97,23948.60,20622.42,40947.12,4641.38,32206.79,15219.30,15594.05,21686.58,16249.42,30974.15,14683.91,16509.65,22354.03,21566.01,24054.96,10576.15,27143.53,4646.51,20616.33,18214.93,24767.07,27115.62,8864.46,39491.30,15116.25,24082.62,10470.95,22327.15,27857.08,10768.67
g,15,15,0,151.060867,10.163,0.243877,[M+H]+,,D-Xylose,D-Xylose,C5H10O5,0.123,5.050569,151.060867,5859.67,5012.10,744.49,601.69,730.14,415.66,424.96,41250.21,11389.74,16988.10,5970.54,30624.33,17431.79,13760.07,35190.68,7425.29,16654.70,27169.99,34096.40,36113.33,16435.93,38557.09,13724.08,20039.85,11222.50,36332.53,31497.38,9003.97,44791.75,17531.54,35364.95,24303.48,40617.05,34570.63,10993.42,18669.96,11378.31,26490.53,14017.72,27917.55,21309.35,10929.05,43469.63,14429.13,18578.71,10216.22,18896.97,23948.60,20622.42,40947.12,4641.38,32206.79,15219.30,15594.05,21686.58,16249.42,30974.15,14683.91,16509.65,22354.03,21566.01,24054.96,10576.15,27143.53,4646.51,20616.33,18214.93,24767.07,27115.62,8864.46,39491.30,15116.25,24082.62,10470.95,22327.15,27857.08,10768.67
g,16,16,59,150.111938,7.591,0.849557,[M+H]+,,Triethanolamine,Triethanolamine,C6H15NO3,0.431,3.557716,150.111938,6123.70,2283.22,2217.57,7085.07,2284.47,2800.54,1695.81,82952.05,15127.54,131938.08,68868.25,26479.67,34928.83,38168.84,108235.23,691219.81,23943.23,59311.64,151288.70,32736.91,32988.69,114441.49,4054853.00,19715.34,144073.91,22877.41,14015.56,71785.46,59513.93,1821651.38,139812.05,91343.10,52942.86,188885.52,188797.30,32420.21,391507.25,17464.59,155896.81,75168.44,12178.20,176078.14,85065.10,2288743.75,31651.37,27895.15,38765.07,24743.31,38761.85,267833.47,90979.50,50300.42,125625.84,75459.70,105753.50,33696.27,71229.23,46264.95,29196.60,39432.11,31819.60,22188.16,26086.98,225337.25,81809.42,37074.86,67082.70,57539.88,75598.40,35702.76,80009.59,1819039.50,37777.69,56894.70,41541.11,21399.41,24309.31
g,17,17,0,150.057632,10.121,0.633472,[M+H]+,,L-Methionine,L-Methionine,C5H11NO2S,0.141,4.677543,150.057632,1426.69,426.34,396.27,448.59,238.19,412.13,0.00,847749.81,226738.14,330795.91,65859.62,679998.94,329183.91,393644.88,780131.56,178411.25,388527.41,522823.50,744243.19,671029.81,425928.25,758261.31,357904.78,378829.09,220599.67,782195.50,695292.69,201651.05,844062.81,414033.12,673125.56,458861.38,812220.94,740313.81,204261.92,544260.94,243016.67,579777.56,299595.78,626329.69,519893.34,473191.16,691858.25,221051.14,428048.34,219051.38,354486.38,461312.72,284645.56,751231.81,124867.88,600569.44,295483.41,327323.00,526804.94,358899.97,805513.50,301926.34,378640.09,411565.41,410422.09,445161.84,227766.81,660971.56,168740.12,659740.31,455777.34,505864.09,601417.25,185539.39,857416.19,314972.66,456497.62,231750.27,503192.47,499269.00,255386.62
g,18,18,66,149.080093,13.346,0.853916,[M+H]+,,Mevalonic acid,Mevalonic acid,C6H12O4,-1.000,5.015270,149.080093,7361.38,1658.33,2072.27,2910.01,1352.45,1324.32,1123.97,147989.89,69292.82,107831.91,28753.87,132202.64,122179.46,137702.38,195189.44,58486.97,124852.71,115513.54,134487.22,141972.80,163710.27,181598.44,80546.27,149548.55,84844.88,165757.17,152705.19,107060.15,238485.67,126716.40,152347.02,137458.80,187450.81,175686.11,96142.95,209458.62,80113.23,153298.14,130006.84,172114.88,181322.50,236788.77,175946.31,68958.91,93052.25,87204.95,88629.51,128318.27,85181.37,177112.61,52426.71,155003.25,126091.62,118194.99,132276.88,107939.25,183760.08,106099.25,114299.48,125825.01,132694.97,127658.06,110359.93,158478.30,81820.24,174561.02,166499.03,104572.84,115930.63,77384.23,228488.45,93365.23,108617.70,124232.85,135398.52,141001.14,83566.79
g,19,19,65,159.050735,7.807,0.832115,[M+H]+,,Allantoin,Allantoin,C4H6N4O3,0.013,3.357770,159.050735,0.00,0.00,0.00,0.00,0.00,0.00,285.26,59591.25,24002.96,43196.30,4338.68,54891.18,45075.44,44343.77,66913.54,15387.87,43237.89,44562.39,65416.89,50814.62,54635.24,79964.85,25691.65,71420.55,23153.16,71947.52,81623.56,32458.44,70318.13,25342.09,42730.59,28116.88,67670.73,73815.71,14696.51,39737.37,19966.50,50744.61,38331.36,48970.77,46194.25,137981.64,89682.74,32947.64,44737.07,38612.07,42098.98,57626.30,40534.75,72234.04,17055.21,74246.29,43506.60,38487.51,46743.84,53843.22,73424.62,35621.88,25768.67,53154.11,36419.57,42018.10,32101.99,53119.70,34963.79,48663.89,47264.04,44794.38,49516.89,23935.68,101450.69,47186.22,29029.44,59256.57,60166.64,64490.27,18167.18
g,20,20,45,154.049179,5.334,0.778454,[M+H]+,,3-Hydroxyanthranilic acid,3-Hydroxyanthranilic acid,C7H7NO3,0.036,4.457294,154.049179,3888.04,2527.61,1279.25,1871.40,1274.16,1616.88,374.79,390676.84,226538.58,357942.34,136851.05,229861.39,213145.88,320839.22,265781.78,142354.30,227100.92,239817.56,222732.95,172246.39,285119.00,273703.75,222670.27,437463.00,274413.88,216938.33,241172.38,296070.59,216471.19,165974.11,248496.42,228443.44,259881.67,206954.45,234113.17,231681.45,177868.05,231182.61,252480.88,231076.70,180556.39,377986.75,99093.66,119176.46,75881.20,130185.45,139083.84,82774.15,103033.20,67526.24,109451.37,33312.07,176898.52,150813.80,66637.71,128589.84,50031.07,126929.99,42668.98,156967.22,108493.32,70089.04,117229.82,84996.79,74767.69,19797.97,118294.62,73235.25,55854.20,81289.84,83876.59,75454.31,16762.68,158826.27,69923.15,78814.44,81703.72
g,21,21,68,180.085800,11.730,0.841353,[M+H]+,,Glucosamine,Glucosamine,C6H13NO5,-1.000,4.744895,180.085800,92730.79,7311.69,3227.21,4319.74,3667.26,3313.60,26698.12,1816516.62,870612.81,957880.19,419188.75,1794772.12,1832916.50,1460388.00,1935068.88,716672.69,1136536.00,1541382.00,1829179.00,1900018.62,1127951.62,1721473.12,895157.44,875399.00,1114256.50,1862410.62,1887720.12,717039.50,2034925.00,1056758.12,1523885.62,1651577.00,1833030.88,2093891.62,710139.31,1595228.62,837307.81,1592297.88,1005101.06,1654071.50,1765086.88,1160186.62,937878.81,598873.06,731008.31,699395.19,719042.31,770041.25,809584.69,992989.31,565666.62,1116230.88,880795.44,714111.81,816608.81,700888.25,873917.50,761177.25,633875.81,708495.44,690927.75,792593.06,738403.94,694364.00,553802.69,705238.19,716716.69,614575.00,646107.62,399282.09,845681.56,698811.25,569989.25,706751.75,780350.19,722338.25,456325.66
g,22,22,0,180.064636,5.962,0.642832,[M+H]+,,Hippuric acid,Hippuric acid,C9H9NO3,-1.000,4.914932,180.064636,3291.07,6839.32,956.81,1324.46,1122.43,1352.38,413.58,163782.56,39864.53,73161.74,10086.75,156334.61,127641.66,43277.47,139070.45,25227.40,56921.96,25083.37,138730.89,61625.23,32577.00,99143.62,50646.54,75403.25,15293.09,131397.39,112115.09,14612.74,93645.63,50580.94,42033.63,65522.97,169233.11,113011.10,34456.83,93102.69,36560.20,147178.27,17272.23,135764.39,74427.59,73981.73,72433.33,27244.03,141414.33,74245.32,66169.05,76883.09,30935.27,117643.38,195654.58,137978.34,35895.11,38634.82,31166.85,26219.63,72866.35,154277.91,51465.22,16828.86,28796.81,175689.77,22355.99,88334.09,15426.78,214379.80,26784.14,216567.17,108986.91,24456.36,135549.92,35454.07,44040.94,21798.96,170023.50,265159.22,12635.91
g,23,23,0,168.064697,7.060,0.335908,[M+H]+,,Pyridoxal,Pyridoxal,C8H9NO3,0.670,4.902699,168.064697,8642.87,4351.79,5090.69,5154.78,6967.49,7041.48,1507.74,193429.48,102147.30,141175.38,51990.74,125697.31,114654.88,128544.31,165154.23,86242.84,116292.16,104307.93,167760.52,127108.72,109676.37,128277.78,140573.77,110807.12,75386.07,143741.27,139746.36,75110.01,143268.17,111435.62,106522.06,82718.91,153290.94,141171.77,84194.29,96778.94,114908.34,132261.86,83798.76,130856.73,99894.63,119958.91,120761.73,127768.04,101911.88,107365.69,146941.42,114819.95,117657.21,97207.84,66139.55,128899.09,86790.25,105620.16,115801.34,111183.31,118004.50,91172.34,73435.48,85193.09,104534.25,95469.41,72888.52,86279.70,94244.30,100709.30,105202.99,132432.80,94933.38,73358.26,90355.56,127517.34,78073.08,47631.38,102179.00,85254.73,63013.83
g,24,24,36,187.000107,12.914,0.844446,[M+H]+,,2-Phosphoglyceric acid,2-Phosphoglyceric acid,C3H7O7P,-1.000,0.571184,187.000107,1049.39,672.96,0.00,0.00,0.00,408.63,0.00,7533.83,4654.99,6448.19,1206.64,6738.86,3287.89,10909.24,14182.17,17196.72,16165.04,13287.23,9913.50,15611.69,6942.33,17566.92,27754.85,8442.82,4588.08,5125.69,6157.93,13697.95,18115.92,16893.99,15832.98,14435.28,24956.28,10589.11,8580.88,21802.87,7092.43,8444.94,7650.71,12439.79,12719.95,11183.17,15861.27,9184.50,8593.46,13697.50,13203.21,19619.01,14723.92,15395.13,8915.53,11403.16,13551.80,8090.17,10933.56,10262.07,11461.18,8676.90,8911.12,9772.71,18371.35,12095.82,10038.53,8221.30,4847.67,14853.08,6512.72,7807.84,8584.57,2554.38,17682.26,11613.27,14174.81,12373.02,7070.07,12613.25,8994.72
g,25,25,17,186.999313,14.534,0.829151,[M+H]+,,2-Phosphoglyceric acid,2-Phosphoglyceric acid,C3H7O7P,-1.000,4.814265,186.999313,627.00,541.09,0.00,0.00,249.92,185.28,1773.47,45441.84,7627.43,26606.83,0.00,44397.18,36068.34,48058.83,88197.46,3416.20,47163.07,31289.40,67259.37,42305.70,42969.77,74568.50,24441.64,61606.75,12570.27,82018.66,49882.30,16911.00,63834.25,30667.35,47168.95,25115.55,68905.65,47938.80,14470.45,70739.66,11086.47,36554.98,22630.86,43625.38,56160.55,98918.50,64231.24,14191.43,42832.09,18049.48,44318.47,38989.08,40173.46,84184.61,7161.47,67761.09,31884.56,30719.15,66305.84,26557.73,68342.94,34512.72,20739.40,47502.73,43318.50,63870.31,29534.28,48583.46,18954.99,55889.56,32061.63,26422.78,35184.64,7194.78,51303.33,27151.51,22735.63,39157.43,42920.95,33887.45,18068.13
g,26,26,36,187.000107,12.914,0.844446,[M+H]+,,3-Phosphoglyceric acid,3-Phosphoglyceric acid,C3H7O7P,-1.000,0.571184,187.000107,1049.39,672.96,0.00,0.00,0.00,408.63,0.00,7533.83,4654.99,6448.19,1206.64,6738.86,3287.89,10909.24,14182.17,17196.72,16165.04,13287.23,9913.50,15611.69,6942.33,17566.92,27754.85,8442.82,4588.08,5125.69,6157.93,13697.95,18115.92,16893.99,15832.98,14435.28,24956.28,10589.11,8580.88,21802.87,7092.43,8444.94,7650.71,12439.79,12719.95,11183.17,15861.27,9184.50,8593.46,13697.50,13203.21,19619.01,14723.92,15395.13,8915.53,11403.16,13551.80,8090.17,10933.56,10262.07,11461.18,8676.90,8911.12,9772.71,18371.35,12095.82,10038.53,8221.30,4847.67,14853.08,6512.72,7807.84,8584.57,2554.38,17682.26,11613.27,14174.81,12373.02,7070.07,12613.25,8994.72
g,27,27,48,186.999313,14.516,0.850450,[M+H]+,,3-Phosphoglyceric acid,3-Phosphoglyceric acid,C3H7O7P,-1.000,4.814265,186.999313,1656.86,1119.02,0.00,400.99,653.61,185.28,2356.84,45441.84,7627.43,26606.83,417.07,44397.18,36068.34,48058.83,88197.46,3416.20,47163.07,31289.40,67259.37,42305.70,42969.77,74568.50,24441.64,61606.75,12570.27,82018.66,49882.30,16911.00,63834.25,30667.35,47168.95,25115.55,68905.65,47938.80,14470.45,70739.66,11086.47,36554.98,22630.86,43625.38,56160.55,98918.50,64231.24,14191.43,42832.09,18049.48,44318.47,38989.08,40173.46,84184.61,7161.47,67761.09,31884.56,30719.15,66305.84,26557.73,68342.94,34512.72,20739.40,47502.73,43318.50,63870.31,29534.28,48583.46,18954.99,55889.56,32061.63,26422.78,35184.64,7194.78,51303.33,27151.51,22735.63,39157.43,42920.95,33887.45,18068.13
g,28,28,0,183.064423,7.039,0.293991,[M+H]+,,Hydroxyphenyllactic acid,Hydroxyphenyllactic acid,C9H10O4,0.849,4.167583,183.064423,1935.83,2955.13,2904.98,3369.52,2623.50,3185.51,1132.98,22775.30,12332.39,10353.94,7808.33,30128.81,13741.91,4787.31,20058.56,6471.04,9328.07,17717.44,20173.59,25792.08,5381.20,21180.35,6972.73,8509.02,8164.30,16501.17,28927.35,10951.40,24573.84,12165.59,11002.34,14602.29,12141.00,25675.53,2033.05,12130.28,14711.37,10844.59,10041.17,7832.39,14780.89,13194.29,20405.05,17202.15,25195.79,13100.39,25377.87,21449.36,12327.55,19930.87,10549.16,13379.53,2205.60,13690.24,20226.76,9970.70,20732.57,13372.95,16003.16,13061.61,6035.14,19099.56,7757.06,11218.57,14398.42,11257.39,6921.15,4296.69,7876.42,5438.21,4690.39,7819.81,15883.85,4784.05,13630.24,16003.16,5622.02
g,33,33,71,176.102341,13.574,0.836595,[M+H]+,,Citrulline,Citrulline,C6H13N3O3,0.014,3.552526,176.102341,24251.63,6925.24,10518.91,12975.95,9227.32,8876.39,15382.98,2659954.75,1440140.38,2073490.00,418239.03,2558161.50,1998549.88,2227280.00,3507294.75,1860415.62,2655612.75,1971347.38,3151164.25,2455805.75,2736480.25,3244599.25,4898420.50,2801776.75,1330115.00,3065374.00,2596848.25,1616718.38,3641904.25,2702051.75,2687584.50,1795901.88,2995918.25,3173800.00,1316789.00,2835506.00,1681118.00,2781939.75,1673693.12,2681941.00,2688278.00,3905965.25,3204870.25,2419440.75,2085897.88,1589291.00,1980145.62,2270184.25,1841928.38,2834126.00,992109.94,2815579.75,1918266.50,1845625.62,2385488.50,1622863.88,2915392.75,1761697.00,1682105.38,1667836.00,2080713.00,2181925.50,1457632.50,2341095.00,1235001.00,2322760.25,1833364.88,2025127.62,1999177.38,1086771.62,2793632.25,1847894.12,1401344.12,1313851.00,1987464.00,1925416.62,982161.06
g,34,34,0,176.065155,9.228,0.670528,[M+H]+,,Guanidinosuccinic acid,Guanidinosuccinic acid,C5H9N3O4,-1.000,8.146499,176.065155,1153.84,0.00,0.00,0.00,559.04,0.00,374.13,69125.70,42977.61,62286.66,11643.45,104361.77,70523.73,70268.87,128651.79,38912.12,83708.45,74037.49,125632.12,110890.59,81171.19,100950.10,81436.20,71558.73,29948.62,108528.25,104855.16,28046.86,126142.22,56838.05,66087.32,45531.07,75410.62,114498.63,35467.72,70993.66,40270.73,77448.10,36077.86,111613.02,72900.00,84379.24,68545.91,51888.75,52055.70,31710.44,40123.15,58421.29,32685.56,57676.27,13930.18,76218.70,32936.06,44883.16,50390.11,40186.37,73158.92,32037.43,37681.82,31507.47,34426.74,35597.12,30118.84,54039.92,21778.03,37907.16,42186.80,53854.36,56892.39,19016.39,77485.22,31417.56,13281.48,15744.97,41408.42,39619.64,16800.34
g,35,35,1,176.065170,9.758,0.826424,[M+H]+,,Guanidinosuccinic acid,Guanidinosuccinic acid,C5H9N3O4,-1.000,8.059834,176.065170,409.61,491.33,868.70,598.95,306.42,436.88,680.42,108282.91,66215.88,113660.19,18591.79,148188.30,121737.12,102283.93,191596.17,67699.34,123576.16,109313.02,187324.73,152997.22,116802.22,147672.61,140696.02,82651.95,56197.18,160664.66,158066.52,58502.11,187901.30,105033.69,113937.62,67087.68,148122.52,201403.58,64521.77,117960.48,82603.54,122356.18,62653.31,165644.08,112034.79,162565.52,131055.94,66461.88,76754.77,56150.43,76779.17,99036.24,56901.11,83165.52,25451.52,114369.31,56816.44,64560.41,86529.92,75784.37,121862.50,62058.37,54556.06,50698.08,69191.66,64054.76,52944.14,95894.22,34822.86,70919.41,76090.21,81934.48,95564.80,34343.89,121413.52,64805.27,67941.58,31230.54,70609.81,60780.97,35825.74
g,36,36,17,176.065704,13.412,0.797173,[M+H]+,,Guanidinosuccinic acid,Guanidinosuccinic acid,C5H9N3O4,-1.000,5.026563,176.065704,1963.10,583.04,1089.30,577.89,728.08,498.14,1728.97,11232.47,9774.82,12453.49,3719.81,10895.59,12611.06,11050.67,13184.93,8267.02,15515.97,15854.35,15161.44,13654.67,17832.51,13834.67,13893.47,32063.38,10074.32,17008.51,17841.29,18130.22,15888.55,8249.70,14224.36,6495.11,16205.78,15352.40,8181.46,13969.57,7069.74,17004.92,13378.21,14185.26,15095.53,29085.58,6083.48,6866.46,14313.12,6959.38,7535.66,9668.25,11988.38,2728.45,3582.98,9406.81,5731.88,4112.64,7069.79,4480.08,3096.97,3437.65,7958.22,8151.95,4439.95,6009.39,6468.13,3919.26,1250.00,4297.09,3350.84,1986.92,3544.33,1392.88,7434.07,3382.68,3199.15,3919.61,4138.55,5765.01,2566.77
g,37,37,25,176.054550,13.098,0.851508,[M+H]+,,N-Acetyl-L-aspartic acid,N-Acetyl-L-aspartic acid,C6H9NO5,-1.000,4.506861,176.054550,23535.53,1028.56,3450.75,938.97,2131.36,720.59,5341.76,37719.03,21590.06,22962.07,9986.67,34891.12,21214.70,34459.84,44234.61,23890.60,28811.71,29329.25,44981.61,40614.17,43062.48,30620.60,25610.95,53684.38,14909.47,30852.62,32693.68,8575.05,30513.63,19525.09,20580.16,19639.74,27912.41,41766.25,16816.70,50338.75,26318.21,38056.93,23242.52,42759.81,33751.79,72541.71,28875.60,20378.81,22400.55,20822.12,21116.64,38105.82,18259.16,11983.83,17671.04,26086.94,37143.16,42162.75,25667.67,31017.38,19752.08,35241.72,16423.23,22901.63,32638.51,36854.99,30699.52,20879.58,29411.46,39627.47,18546.94,32103.29,28869.51,18489.72,71860.02,44909.11,21933.98,74166.16,40591.13,45834.45,52980.76
g,38,38,72,175.106796,13.031,0.839917,[M+H]+,,N-Acetylornithine,N-Acetylornithine,C7H14N2O3,0.809,5.315506,175.106796,30841.50,4128.90,5203.47,6710.79,5173.81,3180.07,9192.38,1300875.38,643858.75,949704.31,184383.50,1106972.38,1005177.69,1054681.50,1583400.50,539095.81,1142153.75,831135.00,1393409.88,1133747.88,1087134.12,1419790.38,885316.56,1148934.75,611838.31,1102566.12,1257597.50,609653.00,1400229.50,807290.31,1031387.31,740503.50,1278212.62,1266076.25,484172.22,1238998.88,653211.19,1129841.00,747895.75,1114873.62,1113702.00,1331374.12,1117323.38,630011.94,604592.25,489066.34,668895.81,742828.00,555507.81,1059860.00,295571.66,958807.56,586264.19,688587.06,774339.00,516098.75,858014.31,561324.44,443083.91,495217.84,643065.06,652608.62,455967.88,808538.56,465457.50,787527.00,610990.25,696188.50,674565.25,330329.59,1164693.12,585806.31,514768.12,499897.84,813092.25,716977.56,328521.59
g,40,40,8,175.070572,11.017,0.777804,[M+H]+,,N-Acetylasparagine,N-Acetylasparagine,C6H10N2O4,0.377,4.357878,175.070572,5229.57,1033.86,1191.51,337.16,292.98,556.49,1189.46,36371.12,22899.78,16435.78,5048.18,19964.92,14061.70,12272.18,28132.63,9846.26,19078.47,11220.33,27691.98,20152.06,10146.77,20343.94,11648.72,14602.98,4246.17,16672.16,17484.84,5199.11,19161.96,10199.85,14082.43,7915.05,20389.58,20825.87,5726.25,12818.77,7864.97,12658.49,7760.04,12762.39,10430.97,12237.54,39971.37,13020.60,38707.21,15130.06,22495.35,19841.05,18744.99,31499.76,9686.68,43056.66,18302.88,18154.04,27627.13,14109.25,28225.89,14786.22,15712.32,14856.72,15706.73,17444.35,10141.33,24181.52,7669.51,23102.28,12126.04,18921.54,17798.07,4735.52,27134.33,11394.83,13194.44,11128.10,19843.17,19632.48,7651.02
g,42,42,68,173.091446,12.604,0.829254,[M+H]+,,Glycylproline,Glycylproline,C7H12N2O3,0.116,3.614321,173.091446,19344.36,6318.62,4394.17,4310.14,3661.68,5585.69,5797.00,104980.49,52162.44,110215.35,21741.94,95440.98,54346.00,71127.85,122071.79,127828.30,67428.46,59560.86,99861.78,76438.21,52082.85,116410.79,1169641.00,54793.81,26245.95,85997.64,74894.75,34432.41,119465.85,307383.72,64956.70,36660.73,103312.02,103622.76,26169.23,73621.98,90025.35,52349.22,25142.00,77389.99,48509.87,77072.85,138277.12,387243.53,53978.55,44692.95,56064.79,73333.78,53554.91,68699.52,34031.89,74144.72,46278.42,54644.36,91174.62,33480.44,87734.87,52284.61,28328.54,33007.30,41706.72,40967.19,28439.18,83223.42,23869.32,43938.70,44232.61,45363.05,59999.61,25173.84,80448.29,132408.20,40887.16,21227.29,43547.66,33892.73,27410.31
g,43,43,74,175.118149,17.185,0.831594,[M+H]+,,L-Arginine,L-Arginine,C6H14N4O2,0.685,4.618094,175.118149,567640.81,29291.48,64057.30,72056.23,60474.94,48993.99,82853.91,6591037.50,4155597.75,5376920.50,932377.94,7209269.50,3829750.00,5702530.50,8664620.00,3007197.25,6052960.50,4541852.50,9331481.00,5564795.50,5448683.00,8273790.50,7645182.50,5936040.00,2860529.25,11571143.00,7032436.00,3093780.75,11565981.00,5102231.50,9077605.00,3778048.75,9412560.00,7422312.00,2975296.75,5676717.50,3773321.25,9678068.00,2706073.25,8344015.50,4367201.00,7951024.00,9397179.00,4519621.50,6371616.00,4221298.00,6558522.50,5882006.50,5567556.50,8564481.00,2252962.25,10104060.00,5012209.50,5462403.50,6413844.00,5393601.50,9772969.00,4407321.50,4823990.00,4569040.00,6508774.00,5295838.00,3915268.25,8146711.50,3124244.75,9364147.00,6750931.50,9191719.00,7793766.50,3293017.25,11371289.00,4395669.50,5388695.50,3634290.75,8276257.50,6474548.00,3280928.75
g,44,44,75,118.060562,12.988,0.844069,[M+H]+,,Guanidoacetic acid,Guanidoacetic acid,C3H7N3O2,0.112,4.588192,118.060562,21092.40,1895.78,3678.63,2615.72,2605.83,3014.56,5233.63,983026.50,506668.28,965962.50,195587.17,1058672.38,971841.94,1387627.38,1254256.38,397054.03,897190.19,870214.75,1110297.88,988275.81,1212919.50,856044.50,746547.25,944909.75,463762.09,925966.44,1010053.31,506834.84,1061314.25,741234.94,917550.69,779753.31,1208928.12,1287589.12,402271.34,1201612.50,557888.62,1126226.12,938516.75,1091400.88,1079606.00,1884182.00,1248337.62,719306.94,934031.94,867834.19,874128.19,1088775.88,1085475.88,1590419.00,535178.56,1541463.00,1289125.12,1140644.75,1277309.50,1111847.75,1461622.88,1043010.25,790616.31,1108081.88,1321816.25,1443643.12,1080714.62,1068061.00,673122.50,1355912.88,1121891.12,952166.19,1237857.62,601345.00,1903601.50,782888.69,799254.31,1513573.88,1297769.62,1508897.38,937803.31
g,45,45,70,116.070122,11.792,0.833030,[M+H]+,,L-Proline,L-Proline,C5H9NO2,0.018,4.141030,116.070122,306876.31,14228.24,8521.37,34580.04,9776.43,9594.58,12762.95,22910070.00,10940176.00,15386885.00,2948788.00,21267854.00,15396352.00,16103805.00,27314416.00,10866195.00,17225014.00,18472616.00,25503304.00,22108870.00,16687497.00,25477904.00,29862806.00,15808397.00,10024752.00,24614016.00,23071696.00,10091137.00,30294568.00,19693894.00,20790878.00,14895456.00,25795128.00,25819856.00,8093161.50,21665692.00,12722064.00,21536494.00,13223719.00,24308024.00,21322752.00,20257518.00,28133608.00,15933027.00,16214548.00,12947163.00,14466704.00,21321096.00,14683444.00,25150118.00,6904785.50,22990262.00,14544073.00,15839165.00,21862164.00,15866991.00,28088434.00,12308960.00,14069088.00,15267253.00,16504229.00,18963586.00,10538619.00,22731658.00,8939947.00,22940538.00,19865280.00,17630376.00,19948546.00,8003024.00,30573422.00,15430983.00,16848646.00,13874329.00,20931598.00,21290406.00,11449248.00
g,46,46,2,114.065811,7.717,0.738960,[M+H]+,,Creatinine,Creatinine,C4H7N3O,0.167,3.277398,114.065811,58672.20,54971.97,33988.16,23030.86,21872.37,12859.94,549.40,2590852.75,1670973.00,2258565.25,378782.59,2815717.25,1774934.62,2073142.00,2819411.25,993076.25,1701663.38,1625071.00,2579299.25,1774532.62,1632879.00,2815988.75,2734976.75,2148250.25,922112.06,2440508.75,2363255.25,904864.81,2848840.75,2207348.25,2400370.25,1388514.00,3224718.00,2664600.25,781617.50,2032534.62,1322834.62,2349570.25,1077459.88,2083740.88,2069057.50,1941435.38,3296818.25,2494367.00,2169305.75,1472903.62,2316137.75,2389992.25,1968190.50,3147461.75,1103086.25,3290204.00,1839220.12,1930164.62,2030018.00,1648361.50,2832297.25,1982252.62,1660931.88,1834360.50,1808872.62,2056525.00,1609540.88,2533331.75,1141427.12,2454790.25,1667841.88,1946690.62,1892482.50,900840.69,3234164.00,2193097.75,1986291.38,2134272.75,2177789.25,2273678.75,1025916.06
g,48,48,0,149.059082,8.851,0.481028,[M+H]+,,Cinnamic acid,Cinnamic acid,C9H8O2,-1.000,4.197045,149.059082,62.07,1064.14,373.80,595.06,52.87,230.43,84.04,32017.61,14165.58,22780.53,3596.40,29908.55,22671.83,21701.56,32484.67,11581.07,19603.33,18071.04,30825.20,27690.96,18928.33,30201.85,26185.12,19656.67,11314.45,32829.64,26589.79,9936.34,36614.18,19144.55,20127.93,13474.00,32646.57,28652.05,10953.45,25589.27,10679.88,20503.47,12112.66,29165.24,23055.57,27740.15,29983.97,13933.09,19941.17,11704.53,17276.18,23521.33,17620.04,20112.12,5901.59,19407.16,10959.11,16181.47,21230.61,12802.12,21095.38,12659.94,10846.14,11026.41,15694.06,15660.81,9376.95,15824.68,6917.13,16234.23,12918.14,13735.23,15799.69,6281.30,20642.64,10574.78,9131.73,9151.08,15393.64,16097.15,6469.23
g,49,49,5,113.034157,5.105,0.773480,[M+H]+,,Uracil,Uracil,C4H4N2O2,0.075,3.509799,113.034157,1664.21,977.18,553.51,238.58,574.32,696.36,313.39,19992.54,11381.61,17963.24,5474.81,23608.33,18436.77,20588.94,23196.23,29365.70,13446.63,13162.07,28914.33,19872.53,30622.57,17231.91,85779.53,23498.67,10929.40,22827.78,16048.84,16367.94,10496.60,27534.27,15244.58,12642.67,20034.72,19968.92,14828.92,20034.73,20993.63,18236.69,32081.71,22709.19,17681.19,44856.64,16353.05,40170.35,12226.65,13048.32,11390.95,13744.65,14229.04,18703.83,13238.31,19882.59,32263.82,31800.68,19846.76,20846.15,16695.71,14838.43,14092.90,15483.07,21258.56,19715.34,19725.46,17177.69,19613.08,17708.99,24411.05,25293.03,25582.69,15226.75,83675.89,31601.95,20554.48,106269.69,47540.41,62093.69,39487.21
g,50,50,30,112.050240,8.136,0.798773,[M+H]+,,Cytosine,Cytosine,C4H5N3O,0.146,2.655466,112.050240,1385.07,2194.65,2483.09,2634.76,2001.65,1623.36,884.40,212338.64,61033.83,169694.45,25529.56,203809.31,202972.19,213259.95,218287.38,49904.66,141302.55,148234.55,183218.98,158957.55,181861.33,232930.52,87554.12,193048.33,90178.41,203938.31,216166.00,104745.35,247455.88,100982.38,167031.52,130360.34,232017.12,231523.83,79293.25,248410.30,77558.68,204534.95,159250.05,220735.50,289909.97,284830.00,237437.80,120383.10,163903.89,160487.39,184600.38,197575.50,162161.78,321303.88,85493.41,223455.05,227448.48,243148.45,212412.98,160930.73,283902.22,162955.25,121959.31,212845.89,261819.92,273415.69,183115.58,252535.33,124658.91,225561.75,215192.95,234861.25,258245.45,113624.74,505705.47,175156.77,127057.10,278007.97,290897.78,305056.91,126376.00
g,52,52,0,114.054626,13.566,0.321624,[M+H]+,,1-Pyrroline-5-carboxylic acid,1-Pyrroline-5-carboxylic acid,C5H7NO2,-1.000,2.876368,114.054626,11327.88,10552.76,10640.24,8498.75,6564.37,7737.40,6355.68,29949.13,25819.95,25446.63,12657.05,34148.48,24425.85,25613.51,37418.98,24866.15,29868.94,22140.44,35891.87,34450.02,28018.36,30782.62,53327.79,29634.44,20992.83,37742.20,33543.34,16306.32,43431.88,27654.40,29458.80,22510.37,30176.23,35618.55,18294.68,28324.81,17223.45,30712.73,17608.89,30804.47,28963.44,41139.73,37657.44,31751.20,23332.30,17698.49,26893.57,30764.49,23323.89,34510.11,13332.05,34114.44,22823.94,22068.45,28540.83,20974.49,33935.62,17167.90,22820.79,20952.70,23032.16,23952.04,20421.81,25867.95,15499.71,25857.93,21846.19,22554.38,20998.37,13810.38,28544.18,21029.80,16390.61,16834.66,18596.79,20522.09,12228.00
g,54,54,68,120.065025,13.186,0.830126,[M+H]+,,L-Threonine,L-Threonine,C4H9NO3,0.216,4.130333,120.065025,169746.97,5865.85,5599.45,12075.76,8286.32,8476.98,11832.08,882410.81,421589.34,648581.56,124995.50,916643.56,596802.44,698214.25,1326935.50,490079.88,858542.94,693947.19,1266267.62,917830.00,834410.00,1230568.88,1783072.38,917212.31,489275.59,1266986.62,1085433.62,520051.66,1584679.00,1047387.50,1082434.38,691719.56,1294841.88,1157537.62,462149.25,1111374.88,583103.50,973074.50,611421.31,1284098.50,1033210.19,1326004.38,1279361.38,752259.81,671326.25,496558.78,673014.19,870647.56,549778.00,1241512.12,284486.25,1043631.06,648987.31,656697.69,975219.69,602632.38,1490838.38,605375.06,720057.19,776702.69,863230.31,980088.00,590384.19,1146117.38,441157.84,1163490.62,907426.31,936373.81,1042883.69,409750.66,1376479.88,670793.81,764447.44,639420.25,945691.44,970569.69,498186.28
g,55,55,69,120.065033,13.196,0.829857,[M+H]+,,L-Homoserine,L-Homoserine,C4H9NO3,0.114,4.066790,120.065033,170232.19,5530.82,4488.30,11340.16,7579.74,7973.62,14734.25,882068.31,421057.88,647494.81,124450.19,915912.75,596398.25,697751.00,1325837.88,489031.84,857525.69,693730.50,1265816.38,917453.31,833402.50,1229686.00,1782428.88,916187.25,488546.50,1266711.75,1084425.62,519677.28,1584431.38,1046711.31,1081624.88,690682.94,1293871.88,1156607.62,461350.03,1111151.88,582921.94,972566.50,610576.44,1283489.88,1032798.56,1325545.12,1279028.38,751834.00,670517.50,495542.34,672569.50,870290.75,548689.69,1240974.25,284171.97,1042682.06,648230.50,656086.94,974222.75,602032.75,1489771.12,605029.31,719647.81,776615.81,862853.81,979567.69,589493.69,1145128.62,440520.50,1163155.38,906903.00,936112.25,1042067.00,409381.84,1375953.62,670685.94,764326.94,638935.75,944997.56,970416.25,497166.88
g,56,56,75,118.085541,10.138,0.835439,[M+H]+,,Betaine,Betaine,C5H11NO2,0.072,6.073214,118.085541,824116.56,1313540.88,1210201.88,1131720.38,1225823.38,1194414.88,780342.50,81024856.00,39786388.00,59004320.00,15538208.00,71331880.00,64545420.00,66359604.00,87932584.00,40726272.00,65378912.00,65487100.00,75013080.00,70917352.00,69524584.00,80981160.00,49412080.00,60340212.00,44556656.00,74917480.00,73925800.00,40464508.00,94268072.00,57506500.00,76772384.00,67379744.00,79699416.00,86919136.00,42821140.00,85508424.00,45197648.00,70344984.00,66293332.00,80591608.00,81625328.00,94482664.00,105581480.00,62279392.00,73364568.00,73784568.00,68098984.00,84655384.00,69527984.00,111226880.00,45564612.00,86012104.00,99349864.00,84279808.00,91002392.00,76658040.00,102198040.00,80247168.00,64314464.00,98696032.00,87172776.00,101667752.00,82935112.00,97950976.00,66412204.00,104859112.00,110572632.00,83052056.00,94115712.00,66101508.00,125489704.00,77978816.00,71253984.00,109578976.00,101263576.00,106035096.00,64195004.00
g,57,57,72,118.085556,10.222,0.835119,[M+H]+,,L-Valine,L-Valine,C5H11NO2,0.788,5.943996,118.085556,804979.69,967702.75,981448.00,988885.00,1021372.00,948489.44,606666.81,80528896.00,39516760.00,58744416.00,15458576.00,70881448.00,64194412.00,65975716.00,87381360.00,40464684.00,64983404.00,65187636.00,74503080.00,70495352.00,69128168.00,80509568.00,49013632.00,59951776.00,44313840.00,74429064.00,73414912.00,40208832.00,93713304.00,57227280.00,76357248.00,67017540.00,79177768.00,86340280.00,42633668.00,85001320.00,44959668.00,69855032.00,66002636.00,80098080.00,81152344.00,93975584.00,105213640.00,62055664.00,73061560.00,73498712.00,67852224.00,84335552.00,69230872.00,110900288.00,45433168.00,85656024.00,99057048.00,84045000.00,90720776.00,76420584.00,101897848.00,79965664.00,64062624.00,98440248.00,86970840.00,101364248.00,82768792.00,97642560.00,66210804.00,104579128.00,110260768.00,82740008.00,93806888.00,65988836.00,125091288.00,77690488.00,71013688.00,109367680.00,100926976.00,105707328.00,64027280.00
g,59,59,4,90.054558,12.902,0.731234,[M+H]+,,L-Alanine,L-Alanine,C3H7NO2,0.088,4.405405,90.054558,183116.27,30370.59,29321.13,30013.74,23951.22,28045.69,84868.62,3840222.00,2089368.00,3071103.00,951662.31,3364818.75,2928942.75,3329948.00,3925648.25,2036695.12,3104978.00,2868578.75,3914799.00,3306979.00,3457282.00,3644904.75,4685863.50,3138725.25,2000880.12,3531569.75,3159777.75,2258489.50,3821422.00,3209570.25,3348768.75,2731254.00,3564038.00,3693589.00,1734783.62,3431158.25,2147746.75,3446948.00,2731129.25,3658852.00,3441172.75,4121862.75,3750473.00,2985594.00,2739279.75,2540747.00,2784980.00,3057095.75,2919083.25,3558035.25,1652909.62,3343950.25,3042610.00,2749628.75,3109396.25,2776400.00,3580392.00,2327768.75,2001501.50,2687462.00,2869339.00,2930859.75,2270455.50,3094496.00,1986127.38,3068536.00,3293757.00,2849876.00,2793984.75,1795874.00,3598164.75,2621285.50,2568456.50,2767279.75,3371468.00,2800532.25,2344204.75
g,61,61,70,76.075264,12.544,0.837875,[M+H]+,,Trimethylamine N-oxide,Trimethylamine N-oxide,C3H9NO,0.056,5.616066,76.075264,25265.47,8222.70,5590.95,5299.65,4111.30,3338.02,3626.12,1944072.62,1265690.38,1411470.62,210821.42,1752490.00,1600611.12,1529998.88,2160208.25,1025284.81,1297681.50,961405.06,1901532.38,1525210.00,1234264.50,2952834.00,1853281.88,2879827.75,875913.75,2629893.25,2464317.75,1201480.88,2174532.00,1447874.38,1466471.12,1299596.62,2156830.75,1806188.62,987487.81,2646042.75,1464722.50,2025518.38,1070591.38,2432805.50,1887072.62,2728317.50,1921870.12,904655.31,1126324.00,711201.81,1276595.50,1066278.62,1086929.00,2074720.38,806646.75,1687856.00,1402529.00,1312695.12,1311270.38,1036188.94,1716940.38,1350003.88,954063.50,877400.50,1137777.12,1448160.62,1083467.25,1741722.38,918639.75,1227069.50,980227.25,1305361.12,1312503.12,781779.81,2826747.25,1425695.88,1193532.50,1682124.62,2177786.75,1766227.88,1145972.38
g,62,62,0,76.038918,13.328,0.620653,[M+H]+,,Glycine,Glycine,C2H5NO2,0.028,5.117079,76.038918,5268.01,2779.22,796.89,1979.03,1065.56,1596.95,1700.22,18453.12,11317.66,22117.64,6974.63,20788.11,18677.41,15921.73,29289.85,28021.46,18765.75,17747.07,28276.35,21475.81,24041.92,21936.95,325233.50,22844.01,11190.74,24888.45,23242.68,11559.98,32981.07,66202.60,22429.08,16098.86,70664.90,31331.05,10571.57,21852.99,19902.79,23474.27,21107.07,26605.04,31835.27,41332.04,37484.29,119437.68,25965.18,39722.64,34177.10,45004.36,31134.83,61974.70,18846.85,48472.95,47545.39,42216.96,90594.00,28688.26,68997.59,33088.88,36199.04,32060.68,47415.24,64251.80,25851.03,56339.58,22034.17,48908.80,56661.60,29549.07,34535.19,24672.01,86302.98,52086.55,22033.02,68799.20,42536.51,67346.99,21887.09
g,63,63,1,90.054558,12.906,0.725892,[M+H]+,,Beta-Alanine,Beta-Alanine,C3H7NO2,0.444,4.405405,90.054558,183116.27,33118.80,29321.13,30013.74,28251.88,28045.69,84868.62,3840222.00,2089368.00,3071103.00,951662.31,3364818.75,2928942.75,3329948.00,3925648.25,2036695.12,3104978.00,2868578.75,3914799.00,3306979.00,3457282.00,3644904.75,4685863.50,3138725.25,2000880.12,3531569.75,3159777.75,2258489.50,3821422.00,3209570.25,3348768.75,2731254.00,3564038.00,3693589.00,1734783.62,3431158.25,2147746.75,3446948.00,2731129.25,3658852.00,3441172.75,4121862.75,3750473.00,2985594.00,2739279.75,2540747.00,2784980.00,3057095.75,2919083.25,3558035.25,1652909.62,3343950.25,3042610.00,2749628.75,3109396.25,2776400.00,3580392.00,2327768.75,2001501.50,2687462.00,2869339.00,2930859.75,2270455.50,3094496.00,1986127.38,3068536.00,3293757.00,2849876.00,2793984.75,1795874.00,3598164.75,2621285.50,2568456.50,2767279.75,3371468.00,2800532.25,2344204.75
g,65,65,1,106.049408,13.545,0.722713,[M+H]+,,L-Serine,L-Serine,C3H7NO3,0.145,4.388436,106.049408,20887.35,4048.94,5002.07,7981.16,4681.44,4158.57,6435.97,206428.45,103596.03,249300.45,43635.18,197582.17,162822.27,220745.06,320036.69,398643.75,250036.19,213465.95,294977.28,267610.25,262696.31,246722.70,2529617.75,227945.33,111035.23,243855.83,214559.88,128310.71,304651.84,823067.56,275495.78,186481.12,272965.25,276390.03,126896.49,247635.42,273840.31,274399.00,182477.48,275011.06,319941.41,422266.88,325391.22,971870.50,202216.00,177292.75,224695.75,246302.39,178573.27,287324.09,115059.07,254274.30,238881.25,172391.20,258863.06,181777.19,318081.50,175358.69,162381.92,199922.80,218851.39,234619.45,175342.48,298835.03,157023.08,286363.25,278921.09,206298.19,239302.39,178383.00,357598.88,474043.03,195733.64,255243.80,213887.42,230867.75,157295.70
g,66,66,70,102.090851,13.067,0.828994,[M+H]+,,Betaine aldehyde,Betaine aldehyde,C5H11NO,-1.000,4.782788,102.090851,25873.21,12758.20,7124.01,10087.42,10766.30,8874.79,20100.68,597334.06,321669.41,539215.69,107315.75,478299.75,586868.38,619863.69,629545.75,278977.50,623508.12,521099.16,517947.00,532834.31,687152.69,701143.50,340101.09,763911.69,358203.28,505823.47,576689.19,394022.84,707094.31,399764.59,621804.06,553339.44,627729.75,666376.81,308829.59,715514.56,306785.69,521231.50,621453.50,540265.56,592943.31,1060831.00,820654.69,420613.59,529881.69,529069.44,534239.19,638797.44,548303.88,918238.00,272926.97,714967.19,770462.06,595218.81,707673.56,529226.00,770727.81,481545.72,383334.91,607179.69,630112.44,662643.56,579458.19,685329.44,472819.53,729526.69,673971.31,520258.47,585144.25,395364.66,991881.69,446136.75,436355.88,799952.00,628668.00,655024.06,382401.59
g,70,70,68,138.054489,10.718,0.792366,[M+H]+,,Trigonelline,Trigonelline,C7H7NO2 ,0.152,3.426334,138.054489,38576.84,1508.96,1434.40,2926.88,1426.84,1010.58,3837.41,4082744.75,1900149.62,2599393.25,628076.44,3798076.25,2613289.25,2775657.25,4390956.50,1531910.62,2613624.25,2638738.25,4291934.00,3787430.00,2558996.25,4591322.50,3176891.25,2488034.75,1589574.38,4718387.50,4469339.50,1250486.88,5415474.00,2966928.00,4022706.75,2785477.75,4871344.50,4801787.00,1037115.31,2902130.75,1888848.88,3883159.75,1947157.50,3379886.00,3466280.00,2026447.62,5936712.50,2458781.75,4293388.50,2382169.75,2992322.75,3939728.75,2494206.75,5516841.50,1485112.38,5027424.50,2437259.00,2991515.25,4349954.50,2153596.25,5525292.50,3373296.75,2806809.25,2957003.25,3580582.00,3933844.00,2098781.25,5372468.00,1844681.50,4808199.50,3144225.25,4154496.25,5023575.50,1525174.88,7020754.50,3528800.00,3711739.25,2105708.75,5388909.50,5242477.50,1963644.62
g,71,71,4,149.045258,13.324,0.759487,[M+H]+,,Citramalic acid,Citramalic acid,C5H8O5,0.176,5.426004,149.045258,12842.52,998.53,793.83,959.79,623.60,664.20,3108.51,121170.18,64405.91,89177.60,26421.07,134910.88,61217.03,78557.45,100835.37,51847.25,68713.84,95096.52,106238.40,93967.98,87746.55,129241.88,68420.86,79870.70,48577.36,117196.13,105925.62,47257.86,131217.56,74783.80,124377.16,83759.55,130411.51,89571.00,42661.46,91518.90,53870.95,101171.16,65126.31,106854.21,92447.04,80813.54,170015.78,59536.01,102800.23,61544.48,94409.76,99828.22,78357.12,149645.67,30886.98,124990.91,55992.55,79904.40,109536.81,81739.85,182131.08,62058.89,88549.30,110559.54,85361.90,97086.84,49533.96,138873.95,37831.99,130117.45,105070.04,112967.66,132183.30,49727.72,180048.94,65131.19,127181.63,61269.21,89122.90,103735.34,61058.94
g,72,72,73,147.112244,17.232,0.830392,[M+H]+,,L-Lysine,L-Lysine,C6H14N2O2,0.298,3.837703,147.112244,88730.78,3233.12,10982.95,11796.39,10470.57,8935.94,16608.41,1393686.62,702610.00,1137479.12,218365.17,1383981.50,943150.25,1209315.50,1554941.00,627707.06,1499300.50,1004216.31,1708267.38,1171222.12,1192728.38,1636260.88,1337979.50,1427798.12,639328.25,1784629.00,1349903.88,703731.50,1905412.00,1008330.81,1486899.38,785986.94,1562491.00,1420911.62,632018.81,1218345.88,749016.81,1652747.00,806660.94,1542368.00,987295.81,1865681.38,1919046.00,848424.81,1263656.88,943693.19,1214665.38,1226891.88,1087352.12,1635113.62,438913.28,1585666.00,1165239.12,1083163.75,1235219.12,1102211.62,1784741.88,824770.50,946913.25,988170.94,1365097.38,1065689.12,840022.56,1474823.50,642676.44,1479259.50,1355569.62,1416552.38,1267633.00,649774.69,1930967.12,806184.00,962707.06,840948.25,1431186.62,1056427.38,694397.94
g,73,73,72,147.075745,13.326,0.831592,[M+H]+,,L-Glutamine,L-Glutamine,C5H10N2O3,0.026,4.564884,147.075745,1371339.88,26525.66,71987.95,87254.71,89350.00,87797.12,29512.73,26445102.00,13172867.00,19289072.00,4959598.00,23086496.00,22332474.00,23686920.00,32670818.00,10827451.00,23044048.00,22000766.00,25605352.00,25076582.00,27249250.00,32282142.00,16509835.00,27631278.00,16956592.00,27611264.00,26783462.00,18102054.00,39001812.00,22571552.00,26878280.00,23135086.00,32506022.00,32855602.00,16760437.00,37137788.00,14723003.00,27162474.00,23259146.00,27915986.00,30169952.00,39388276.00,30072064.00,13311371.00,17171882.00,16833186.00,16841062.00,22618314.00,16575021.00,32837744.00,11287356.00,28005254.00,22737864.00,21944090.00,23796682.00,19671334.00,32918480.00,21177502.00,20435386.00,22107552.00,24779112.00,25334214.00,20031632.00,28947042.00,17622930.00,28974560.00,29252690.00,22262530.00,21960242.00,15538581.00,37714360.00,17848134.00,19177006.00,23172394.00,24100126.00,24820150.00,15526549.00
g,76,76,72,146.117065,13.463,0.838947,[M+H]+,,4-Trimethylammoniobutanoic acid,4-Trimethylammoniobutanoic acid,C7H15NO2,0.063,3.341702,146.117065,34103.34,13645.68,5051.89,6723.60,7408.72,8689.70,10966.66,884619.19,442679.25,693861.75,158912.78,989526.25,794625.44,911057.31,1193764.62,378502.59,812258.31,626383.50,1126402.62,1000754.75,901921.31,1045666.69,564532.06,962940.75,441937.62,1077381.12,826891.50,464453.78,1322499.00,717955.44,954187.69,761798.50,1318178.00,1096310.50,441982.34,1131391.38,447182.84,939595.19,731212.56,1156431.12,957282.81,1437963.50,1847425.50,760448.69,1272182.25,1019006.00,1246073.38,1338772.25,1120603.12,2149041.75,595993.56,2011709.62,1799385.88,1184166.12,1552297.88,1258646.88,1965745.62,1002703.44,987931.50,1274588.62,1389902.50,1504885.62,1277648.88,1428623.38,861860.69,1754593.88,1337682.12,1585360.38,1261079.38,723355.44,2451463.50,869920.50,1266721.88,2102490.25,1654582.00,1763238.62,889564.75
g,77,77,2,146.116852,10.126,0.746163,[M+H]+,,Acetylcholine,Acetylcholine,C7H15NO2,0.416,4.803696,146.116852,6527.55,27693.88,29554.34,32149.53,31912.54,37549.54,65095.30,39395.23,27316.19,60223.79,47649.10,29908.43,39203.04,38648.85,40566.39,128447.26,36233.92,35841.21,59483.51,36947.66,34187.50,36071.91,764511.31,28898.83,54348.21,41968.17,30612.13,39301.14,42324.43,207050.42,47449.15,44139.73,44929.88,39355.79,39197.96,35097.71,88648.10,34332.52,57746.49,46345.21,37150.05,50210.26,40832.55,334682.22,26763.18,32635.48,34913.28,27211.78,30063.71,57595.75,48647.93,30403.95,27267.75,32828.35,38598.41,33561.23,33319.04,33935.40,33022.61,28922.99,34690.66,35433.59,29201.85,66870.05,126335.51,38695.05,42474.93,39095.47,37064.42,40757.08,42390.71,242915.33,34537.59,45104.50,32593.79,27471.89,38543.32
g,78,78,77,146.091751,13.075,0.841134,[M+H]+,,4-Guanidinobutanoic acid,4-Guanidinobutanoic acid,C5H11N3O2,0.095,4.491184,146.091751,186092.56,40524.04,40037.49,50339.39,44486.82,43989.41,93103.52,471253.34,367644.97,608328.81,133652.36,549370.81,388107.59,399909.47,662657.94,578387.06,402258.34,341965.88,679430.38,373093.34,382432.16,621058.69,1831089.50,635613.69,228299.30,730488.06,408012.12,318732.62,716926.50,750726.19,660772.19,400200.66,963573.00,581379.12,361089.47,584864.31,504862.25,495494.41,299338.59,591955.38,384805.78,606722.44,804125.44,1124198.50,475768.97,255258.17,414807.50,415552.53,376414.50,801603.81,278183.00,550039.25,296049.28,376045.78,563990.44,249067.23,789074.00,404242.34,434802.41,284337.19,405550.16,479754.72,275927.09,763491.19,318988.09,673592.56,290177.66,419947.62,511445.41,215307.23,951961.75,888567.31,573456.25,294680.66,397928.41,615943.38,312516.16
g,79,79,36,145.048813,11.209,0.772862,[M+H]+,,3-Methylglutaconic acid,3-Methylglutaconic acid,C6H8O4,0.699,4.944263,145.048813,429.73,0.00,374.80,684.49,0.00,528.72,746.67,332516.84,156525.45,271869.09,42667.62,292032.78,287041.62,265336.62,344765.72,92131.63,233261.42,246297.70,291909.16,272273.28,280768.34,334130.59,147048.95,368261.25,158820.06,261398.88,286101.62,192556.55,360027.34,192653.52,245569.50,233899.17,267967.09,331463.78,133492.36,309008.09,154124.86,249863.42,248801.64,252307.95,342646.03,439012.47,343857.00,200211.20,279520.59,252399.62,284935.97,292319.84,269418.31,503467.16,193084.30,443086.91,545919.56,338212.66,330969.28,229454.14,371376.25,284056.72,236131.00,258414.70,325228.12,318365.47,365479.22,271983.28,242021.48,278817.66,278270.03,284438.59,238465.20,165805.89,479167.53,261316.67,239948.12,541882.31,371479.47,330246.22,198203.70
g,81,81,0,132.065033,13.032,0.545150,[M+H]+,,Propionylglycine,Propionylglycine,C5H9NO3,0.118,3.697265,132.065033,43749.21,26847.79,17845.56,20772.30,21769.79,18690.71,27390.78,569003.75,274945.62,387957.50,84211.44,547141.94,353575.16,413525.00,651762.75,221052.06,405015.50,338037.59,599801.94,417376.53,389632.50,582607.06,312268.28,448904.16,228380.25,626592.69,502353.50,265332.62,724578.31,390947.41,556407.56,397060.62,658742.31,593517.88,235982.89,560756.19,279955.75,503474.66,269836.03,567906.44,465731.59,468243.88,770892.06,332666.22,479296.59,464383.09,431123.59,589759.94,532978.81,1074880.38,292109.84,781796.44,654184.69,613125.00,708692.31,547538.69,910118.00,538831.81,469565.91,645145.44,659023.62,779988.31,552267.25,846694.81,423080.91,862178.19,787907.31,649196.12,635451.25,410305.41,1014525.25,585361.94,511658.34,683327.25,601665.06,684795.81,433547.34
g,82,82,57,132.065033,13.032,0.820176,[M+H]+,,4-Hydroxyproline,4-Hydroxyproline,C5H9NO3,0.122,3.697265,132.065033,27787.06,14541.87,10075.37,13678.71,13598.17,11171.11,14951.02,555280.62,262964.00,376201.41,74568.00,534799.31,343060.88,401795.53,640173.81,210729.30,394772.78,327777.38,588334.25,406374.22,378606.12,571118.94,302620.03,437954.66,219249.42,615628.25,490914.88,254894.67,713857.00,381199.28,545068.44,386592.12,647922.19,582385.44,227048.75,550791.69,271545.00,493710.78,260484.12,558433.25,456292.50,458201.50,757344.94,321384.59,467660.09,452417.38,420140.22,580556.94,522235.75,1062572.38,282422.66,770192.69,642852.44,601898.19,697268.44,537613.88,897917.06,527092.19,458606.91,633202.06,648803.75,770797.19,540541.38,836367.81,413880.38,852740.81,777444.56,639856.50,625674.06,400465.91,1003620.69,576080.94,503381.47,674214.56,592582.56,675530.50,426197.28
g,83,83,46,137.045242,8.439,0.825674,[M+H]+,,Hypoxanthine,Hypoxanthine,C5H4N4O,0.939,4.008269,137.045242,2167.34,976.97,0.00,299.18,0.00,164.96,0.00,242186.73,203218.67,1103047.38,24954.83,202187.95,534117.44,147373.12,111573.59,81164.98,996648.56,77633.04,16667.45,371573.12,120941.71,255623.98,318246.75,1373092.38,41175.39,107400.09,419856.84,5557.07,190379.83,319428.69,1137732.88,158226.42,43478.45,435629.09,23967.94,58431.06,214316.45,1168733.12,27176.44,13460.95,255000.48,117667.79,175360.88,483766.38,261967.56,99781.98,186351.95,244913.83,288573.47,15075.74,245791.88,176627.06,128809.03,54204.02,122351.84,83053.66,45525.12,602177.19,103643.04,72647.00,39190.66,141638.48,93858.50,147155.23,228624.61,194114.45,92576.82,73868.70,107956.94,42224.43,296647.41,344776.72,67457.52,461109.50,241268.95,302946.97,78176.46
g,86,86,66,127.049706,5.285,0.790503,[M+H]+,,Thymine,Thymine,C5H6N2O2,0.835,3.903265,127.049706,3293.78,1552.74,421.63,1281.36,1121.76,1073.36,602.12,441115.50,182375.94,244209.39,63039.03,332830.09,297942.53,292725.78,319743.78,135691.52,241297.69,260431.27,331699.47,293814.06,267262.16,267236.34,139938.92,193373.38,167553.42,267792.00,308726.03,159824.20,313045.59,163145.92,245749.30,200337.67,310031.84,319730.00,167498.05,285227.66,173599.33,317171.16,215147.67,298107.66,285943.97,344209.22,374066.16,315928.62,428840.34,353391.38,368369.47,342019.84,432238.75,506425.22,214849.31,539024.69,473787.38,510897.16,379540.00,480388.41,486421.16,312634.47,334960.66,423367.25,537848.31,420564.34,408899.00,408389.47,217205.19,462322.16,452372.16,486052.16,469364.12,333881.34,579500.88,333915.78,319255.12,422632.66,502250.66,452958.16,291132.16
g,87,87,0,126.065796,7.839,0.638250,[M+H]+,,5-Methylcytosine,5-Methylcytosine,C5H7N3O,0.119,3.086467,126.065796,3379.16,564.56,1241.24,668.87,572.63,766.69,803.41,14563.58,4348.28,11720.55,1726.17,12780.16,13441.37,11961.28,10861.09,4113.30,8464.36,10597.58,12901.74,11758.56,10974.84,14367.50,6093.93,12756.03,7211.20,14742.25,15031.61,7015.27,15299.80,5481.01,9705.49,9576.97,12438.04,14843.88,5788.85,13355.46,4731.07,11111.83,9673.08,13822.41,14324.81,17948.64,17136.33,8445.80,13993.63,9855.83,13320.84,15213.28,13256.34,22456.94,4829.70,14837.95,12542.76,12405.54,15290.05,9658.12,20872.36,9269.04,6916.29,10869.76,13520.45,15885.26,9709.92,19021.21,7730.98,15767.37,15062.33,18946.45,22164.66,6896.86,36863.73,12162.91,10377.37,24448.89,23935.52,22872.96,7369.18
g,88,88,70,126.021408,10.898,0.838619,[M+H]+,,Taurine,Taurine,C2H7NO3S,0.118,4.237814,126.021408,21482.18,7867.71,5462.31,5900.61,4646.42,5883.26,4913.71,11648861.00,6276638.50,10756463.00,2277796.00,12659847.00,12324952.00,12586897.00,15619955.00,5945103.50,12040256.00,9818080.00,13190664.00,12367111.00,14702133.00,10660373.00,9125001.00,16014416.00,6285432.50,13015715.00,13020336.00,6304843.50,11691244.00,11553107.00,11365969.00,8818252.00,12613468.00,16793138.00,4974188.00,12093565.00,7964648.00,12119879.00,11775248.00,12363540.00,11369597.00,20033150.00,12379432.00,7748836.00,9414236.00,8206037.50,8495253.00,10815317.00,9397980.00,9320503.00,4633397.50,13445993.00,14192708.00,9865624.00,10085472.00,12405368.00,11676517.00,9021859.00,6553497.50,10108379.00,11702269.00,11869777.00,10013252.00,10512676.00,9831473.00,10691283.00,10193433.00,10820729.00,10032476.00,7005431.50,19865262.00,7752560.50,8585748.00,21603142.00,13146824.00,14777237.00,12148932.00
g,89,89,0,130.085602,11.405,0.683737,[M+H]+,,Pipecolic acid,Pipecolic acid,C6H11NO2,0.315,5.043791,130.085602,43178.04,23014.35,13315.08,13214.90,13224.88,14651.60,25395.24,840882.19,377744.22,535304.50,108799.16,681274.94,591392.50,588707.44,865524.19,307692.84,665394.44,573088.31,718757.69,681156.19,602758.44,843456.69,404690.25,770626.25,356191.09,650636.56,701351.00,439588.72,845822.44,372001.66,601820.69,492702.16,759872.50,799728.25,263918.41,621625.75,336747.22,657365.19,492302.72,593823.06,688343.69,810224.31,596291.44,320412.78,399472.38,284110.12,354282.97,389286.41,317759.53,569883.81,203445.94,529603.44,354244.91,392726.50,349077.53,295495.09,459291.59,298557.97,292658.00,320132.94,341471.16,353074.09,245457.05,380294.91,215460.88,409939.03,363611.78,294989.53,339198.78,170828.52,663983.31,261833.77,314301.31,415474.78,459683.16,431648.00,227378.62
g,90,90,0,134.044052,13.095,0.400655,[M+H]+,,L-Aspartic acid,L-Aspartic acid,C4H7NO4,0.365,5.464009,134.044052,18803.96,13683.35,13192.58,18591.64,15026.70,16178.24,5839.59,25907.93,24932.64,23028.91,18809.97,24773.95,30000.74,28145.92,28848.60,17777.80,32461.30,23889.41,34579.64,31874.19,34739.92,20147.81,22625.52,37469.07,22113.29,29173.88,30063.05,17627.95,34938.93,30205.41,26812.20,28526.30,31669.30,29117.35,19955.56,38706.19,21275.89,28038.51,27298.12,25641.51,24226.37,36441.29,25668.56,17852.02,22387.01,26212.20,24039.56,19784.11,27086.33,19079.89,27365.91,28061.17,27138.00,29213.82,31114.10,28860.65,27369.43,25577.08,24340.89,25135.68,21076.69,27957.74,27941.60,22421.27,28096.72,29016.95,33586.12,38003.82,29876.45,27724.35,45790.14,28425.71,26453.49,51080.12,36042.44,40905.88,48140.49
g,91,91,69,133.096649,16.654,0.829461,[M+H]+,,Ornithine,Ornithine,C5H12N2O2,0.054,3.783252,133.096649,17458.01,5287.05,8980.60,13644.48,9142.45,9622.92,6958.65,851237.81,436186.88,792080.69,150240.12,985447.81,639697.00,769154.50,1103634.62,740063.56,871108.19,624790.75,1235956.62,824032.44,775634.25,983885.50,3280306.00,668193.94,361824.16,1199245.38,892088.19,384776.16,1086590.38,1383522.50,854746.19,494016.62,1088155.50,802671.31,339559.34,761132.50,686368.75,1022165.69,516563.59,1010338.50,672711.56,1011573.75,1017970.50,1278246.88,638738.12,402509.00,574339.69,722946.19,444927.03,811954.81,203274.75,772460.81,399137.72,411732.59,668315.81,366413.62,963533.06,382972.34,435814.72,410474.25,557380.81,555645.69,283154.88,716322.44,275004.84,663704.12,505479.78,644168.25,681561.94,264414.69,832526.00,602478.25,415126.28,245417.17,536747.69,523430.91,265795.56
g,92,92,0,132.065018,13.032,0.558080,[M+H]+,,5-Aminolevulinic acid,5-Aminolevulinic acid,C5H9NO3,0.822,3.812805,132.065018,43749.21,26847.79,17845.56,20772.30,21769.79,18690.71,27390.78,569003.75,274945.62,387957.50,84211.44,547141.94,353575.16,413525.00,651762.75,221052.06,405015.50,338037.59,599801.94,417376.53,389632.50,582607.06,312268.28,448904.16,228380.25,626592.69,502353.50,265332.62,724578.31,390947.41,556407.56,397060.62,658742.31,593517.88,235982.89,560756.19,279955.75,503474.66,269836.03,567906.44,465731.59,468243.88,770892.06,332666.22,479296.59,464383.09,431123.59,589759.94,532978.81,1074880.38,292109.84,781796.44,654184.69,613125.00,708692.31,547538.69,910118.00,538831.81,469565.91,645145.44,659023.62,779988.31,552267.25,846694.81,423080.91,862178.19,787907.31,649196.12,635451.25,410305.41,1014525.25,585361.94,511658.34,683327.25,601665.06,684795.81,433547.34
g,93,93,68,133.060287,11.051,0.853406,[M+H]+,,Ureidopropionic acid,Ureidopropionic acid,C4H8N2O3,0.051,3.669611,133.060287,1106.68,817.33,702.73,436.03,476.21,333.94,3372.70,708876.25,343033.22,312576.38,57609.78,453616.53,322522.22,225505.05,482237.78,204638.39,297002.47,267183.09,562488.12,481770.09,263576.66,379970.75,149936.36,203380.50,82736.53,341842.91,313793.69,153327.20,365537.72,165570.80,184483.83,122239.30,384898.25,368621.53,75718.85,290397.66,179529.30,319972.75,216793.39,370756.09,273225.91,508880.53,435237.59,70438.52,259999.70,143133.03,154338.77,334327.91,166792.80,689980.62,155504.16,798380.81,378630.41,367085.09,617149.31,640327.50,540258.12,156110.66,253791.27,187140.81,203917.75,371265.16,107936.52,275156.12,213490.30,346771.72,231944.88,300854.47,388055.75,129238.12,558784.38,214054.12,326343.16,193503.70,468241.59,443786.09,177368.95
g,94,94,69,133.060257,13.634,0.830858,[M+H]+,,L-Asparagine,L-Asparagine,C4H8N2O3,0.174,3.898961,133.060257,10156.83,3862.60,2687.95,3586.93,2407.86,2492.76,7654.21,191899.14,87469.53,139652.66,27069.97,207120.05,155996.66,175292.89,304560.78,93630.87,156428.52,167620.22,278450.53,217432.17,174065.73,252560.77,304191.09,138654.53,90396.84,256300.33,218409.25,89085.20,290222.72,177976.48,186613.42,123835.66,232502.08,241206.75,79655.02,216222.25,97071.24,193194.23,114796.76,237946.06,208944.55,213494.00,300698.03,147485.64,162958.75,126529.34,138548.86,204141.62,126545.23,244294.11,37982.59,205831.31,112048.71,117182.71,194194.45,129764.40,278434.78,87968.06,132583.19,141166.61,154915.14,182763.70,89231.73,216283.02,70282.34,219685.64,200191.95,177943.55,211714.73,84770.07,291140.16,115106.78,145021.55,124386.05,163684.19,183200.17,92416.63
g,95,95,0,132.101395,9.223,0.684867,[M+H]+,,L-Leucine,L-Leucine,C6H13NO2,0.043,3.811755,132.101395,197122.39,21316.91,18267.52,21055.21,7513.79,16217.58,106120.43,2571607.75,1390415.50,1942638.00,320679.03,2679655.75,2004215.12,1898320.00,3491340.00,1242676.88,2362873.50,2280438.25,3620097.25,2922616.00,2056955.50,3013519.00,2902396.00,1944961.00,982249.44,2913412.00,2724161.75,1133331.25,3798362.00,2177855.75,2437226.75,1605998.38,3024284.25,3297726.75,1131026.88,2392894.00,1380133.12,2264754.75,1296615.75,2860060.75,2318555.75,2529871.75,2383870.25,1382149.62,1505661.00,951443.69,1226277.38,1719080.00,1147767.38,1882323.62,611959.06,2116106.25,1182035.12,1301117.25,1738389.00,1222653.25,2218162.00,1213827.88,1417625.62,989610.81,1324666.88,1488782.62,920783.69,1643382.12,811041.81,1561685.12,1354997.38,1526432.38,1736839.62,646391.00,2153706.25,1197298.75,1322915.12,767904.69,1564983.00,1402649.88,799239.50
g,96,96,71,132.101425,9.256,0.816184,[M+H]+,,L-Isoleucine,L-Isoleucine,C6H13NO2,0.474,3.580739,132.101425,224763.17,29808.85,19574.25,27384.97,21142.00,21690.08,104396.52,2527806.75,1362388.88,1903079.38,317446.75,2628456.00,1963541.50,1855914.38,3432490.00,1208691.75,2325233.75,2230243.00,3542570.00,2854395.75,2001365.38,2939245.00,2836386.25,1923049.62,960864.31,2837074.00,2658861.25,1104446.88,3717242.00,2123854.75,2393916.00,1580297.88,2971845.25,3266507.25,1124161.88,2348132.00,1362174.75,2223461.75,1273977.12,2804628.25,2274650.25,2470464.25,2329462.75,1364886.38,1468960.38,933682.00,1195496.62,1679216.12,1122632.12,1836864.38,594349.25,2089961.38,1150835.25,1276464.50,1696191.62,1202183.88,2173303.75,1183467.88,1390209.25,1005411.56,1303952.25,1463084.12,942588.25,1630918.50,795577.69,1536660.38,1344341.12,1508440.12,1707733.62,643328.19,2108414.00,1183916.00,1296446.50,761647.81,1540945.88,1376580.38,781670.81
g,97,97,76,132.076004,12.879,0.838472,[M+H]+,,Creatine,Creatine,C4H9N3O2,0.101,5.660956,132.076004,9462373.00,57261.78,40546.64,50889.28,23406.43,63513.53,191640.64,116709224.00,74069000.00,90967712.00,36548564.00,105973472.00,112463112.00,116451808.00,121475880.00,60402636.00,101414936.00,93779816.00,103554048.00,104938088.00,102479424.00,120997632.00,84863712.00,105521320.00,65807968.00,102358152.00,108105112.00,66564960.00,107338976.00,92874912.00,99488064.00,86224088.00,105775744.00,120770392.00,48193084.00,102560776.00,73543456.00,101542184.00,100020632.00,108094120.00,98848672.00,142172304.00,125178664.00,92376872.00,98893496.00,94902824.00,112809752.00,104289920.00,96063720.00,122489496.00,60506196.00,128401304.00,123291904.00,104253080.00,100890216.00,103807848.00,110435352.00,88060168.00,71131384.00,88515232.00,110321960.00,96071992.00,80575112.00,98355072.00,79559720.00,112496160.00,121737448.00,101327448.00,103303680.00,64066816.00,131176232.00,93273704.00,87814472.00,121920168.00,137956560.00,108785408.00,78069928.00
g,99,99,2,370.293182,6.460,0.721173,[M+H]+,,Tetradecenoyl carnitine C14:1,Tetradecenoyl carnitine C14:1,C21H39NO4,0.730,5.439336,370.293182,2806.66,798.19,384.18,817.16,448.63,1061.20,1121.79,142031.12,50925.70,130016.23,17152.77,119562.29,152166.61,154072.92,164172.19,34001.52,101024.66,109820.80,104418.09,102662.38,160558.48,118433.73,58358.79,152591.33,55551.46,97972.19,114468.59,82807.12,117385.81,64500.04,96205.78,88290.60,113383.65,138531.61,34552.21,170420.16,45557.61,108978.79,155360.05,109975.23,193144.80,200027.11,31272.04,44281.75,42172.18,33659.33,32979.89,25716.68,41405.06,103949.28,36842.43,81790.88,172169.44,76447.56,33438.68,40329.67,37139.42,64266.11,67227.39,67019.28,97121.54,39609.59,86453.51,15081.70,88835.60,42333.51,47188.17,16264.13,14285.37,33038.84,49769.23,53687.36,30871.78,161580.50,46023.25,37608.92,27116.09
g,100,100,56,368.277527,6.866,0.850719,[M+H]+,,Tetradecadienoyl carnitine C14:2,Tetradecadienoyl carnitine C14:2,C21H37NO4,0.344,5.469107,368.277527,707.46,491.76,1117.05,847.54,1224.38,623.25,4594.44,75242.76,24981.63,45194.89,8924.41,20499.24,58238.52,44477.90,30826.55,9692.75,18885.38,22237.35,30408.02,16748.07,25621.10,36354.79,30693.90,35936.20,20306.31,29010.65,32961.71,20922.66,30539.35,19138.29,26622.75,17461.10,32521.71,21330.40,6106.16,45068.54,11985.72,28726.87,30366.59,29760.01,52191.38,46001.41,18066.03,27288.72,31586.49,13148.18,8550.59,14897.68,26065.88,39448.47,20454.63,52670.45,93032.73,46098.70,22248.86,23310.20,25104.05,41425.15,37335.25,37606.55,58493.46,29567.07,53431.22,10659.88,57615.69,32262.81,31350.72,11979.81,12631.50,20095.21,32146.53,36541.57,18304.58,92427.93,29015.03,21032.31,15219.09
g,103,103,44,393.298462,2.536,0.854025,[M+H]+,,Deoxycholic acid,Deoxycholic acid,C24H40O4,-1.000,3.724495,393.298462,212852.70,210217.50,227949.67,326431.91,255665.94,242496.50,218639.83,367912.50,445505.09,603781.06,409368.53,249220.95,402304.66,358589.22,473157.22,329677.16,317369.97,180153.11,333226.44,348728.59,589884.62,256167.67,390171.97,723401.19,634112.94,360065.09,342010.34,458451.91,269011.53,628629.00,323344.62,433285.28,212168.20,482493.47,545965.38,253982.67,593390.25,429403.78,389664.41,274431.03,253482.73,973369.06,301478.22,1307618.00,557806.94,342929.88,342826.50,533910.75,399384.34,266607.22,462612.53,387243.84,413980.03,362404.75,622460.69,373209.75,283898.41,525315.00,483601.41,453294.62,306511.25,380993.41,407772.34,324337.03,978714.94,308596.59,232034.67,370495.72,561417.94,509084.66,515624.47,395251.16,534071.81,198033.11,472559.22,330566.75,335933.22
g,105,105,35,372.308777,6.408,0.786998,[M+H]+,,Myristoyl carnitine C14,Myristoyl carnitine C14,C21H41NO4,0.782,5.491857,372.308777,433.43,308.18,749.28,275.73,193.60,268.14,294.64,126106.04,41339.88,102036.46,14115.35,104825.93,124457.06,127526.44,149866.92,30120.97,78741.35,82443.94,90151.54,90319.31,114431.88,102818.31,56256.45,114317.54,41325.48,87764.28,94473.88,58830.23,99016.77,98205.46,69873.54,65373.47,104729.81,96819.59,28008.46,131426.53,33767.51,89406.76,108872.66,98065.12,153636.14,133095.80,40537.11,42535.96,40672.35,32847.17,41372.35,29380.56,36065.39,94816.66,44856.55,74416.71,154276.56,78232.00,35931.36,44406.14,42252.20,65160.89,56864.19,57700.61,88596.74,43726.08,67125.35,26102.53,84393.26,39694.54,48245.08,30680.02,21657.66,32747.63,63389.67,52824.00,27448.66,135540.41,55684.72,47324.32,25255.98
g,107,107,4,380.253815,7.282,0.762599,[M+H]+,,sphingosine (d18:1-P),sphingosine (d18:1-P),C18H38NO5P,0.018,5.858640,380.253815,605.58,0.00,282.20,0.00,0.00,0.00,0.00,34174.41,5043.70,8704.32,5051.86,15437.01,15706.05,14495.17,17450.55,1548.61,15793.94,6526.42,15119.74,6729.40,5676.51,4356.06,2329.78,13574.40,3374.90,15944.54,5648.51,3271.57,4279.05,2896.63,4817.11,5437.63,11441.63,5456.77,7023.69,9655.34,2735.08,7599.16,4718.07,16919.18,12310.15,14745.41,12373.55,3765.48,7114.36,10576.46,8095.06,13154.61,5293.93,2011.07,3295.58,11249.03,9063.05,5100.45,6101.69,10579.50,7519.89,5657.63,3228.30,11933.84,6852.92,11940.65,4729.62,5421.31,6569.52,9296.00,8215.37,27310.20,6675.63,7140.67,23531.19,2833.66,4883.99,14056.21,9287.61,11715.52,4917.71
g,108,108,24,377.143524,7.762,0.780238,[M+H]+,,Riboflavin,Riboflavin,C17H20N4O6,0.038,5.421455,377.143524,0.00,0.00,0.00,0.00,0.00,0.00,0.00,20760.01,10163.63,17091.94,2919.15,19709.10,15223.52,14473.85,14629.71,5360.41,15696.51,17891.57,15489.67,10787.58,19999.35,16164.95,7553.38,21060.91,4661.45,13247.31,19923.44,8850.00,17509.50,10454.20,14710.96,9148.20,19309.08,18303.60,2974.60,4636.64,810.87,3691.88,2549.25,1761.29,0.00,1022.90,25980.41,9174.76,19090.10,11710.78,19130.75,18392.14,13003.51,25163.81,6407.60,15136.30,12461.32,12166.99,16305.59,13262.77,21877.58,14588.88,13006.05,17517.92,10723.15,8160.06,7574.02,4827.43,3855.96,7724.18,3331.72,2682.47,2162.19,1274.08,0.00,0.00,454.18,0.00,352.76,363.59,0.00
g,109,109,6,328.319092,4.416,0.732652,[M+H]+,,sphingosine (d20:1),sphingosine (d20:1),C20H41NO2,0.216,5.855877,328.319092,9966.45,33130.21,15856.69,9843.78,5726.53,4280.97,6536.46,64791.76,140364.81,174637.83,68349.04,61715.12,67086.48,63817.67,55649.05,151329.36,75911.71,82688.87,47409.52,77474.50,87540.91,63336.97,303854.03,131589.77,83671.41,80771.54,88645.91,125124.50,90547.72,236667.69,97979.26,66905.70,56345.78,114208.22,77642.20,69886.19,268277.31,141184.48,87813.80,61036.08,70313.85,158664.55,77683.95,448980.16,115411.18,82080.80,79288.18,102229.70,89591.27,63804.70,183710.50,117290.51,111239.77,64178.79,70923.82,101971.35,82364.62,221615.61,121141.52,88550.41,55509.56,84459.65,100729.00,73512.13,309197.94,145214.38,106668.25,61567.19,102779.40,99880.71,81281.19,264777.38,138339.94,77052.88,77027.02,77803.99,79066.41
g,110,110,1,316.246307,7.013,0.714091,[M+H]+,,Decanoyl carnitine C10,Decanoyl carnitine C10,C17H33NO4,0.247,6.079425,316.246307,751.12,1444.98,1789.59,1063.43,1076.44,1734.90,433.92,137991.56,43973.93,58877.09,23279.25,66029.05,113988.49,92003.31,110557.10,36360.94,78906.52,111276.60,83427.01,95070.16,124756.94,76123.26,58608.43,78553.15,46185.72,61928.48,49939.36,109869.27,99822.21,79793.57,66323.24,57930.09,62680.25,62404.30,44285.89,112170.57,41011.23,56934.56,103048.54,51572.45,147503.31,108355.81,30733.30,61827.75,79743.87,51800.48,56649.86,47639.90,63030.77,105120.12,43739.38,55374.28,191997.75,135267.88,48618.11,56927.25,75701.88,75944.59,70624.52,79472.72,86015.13,82241.51,150438.41,38160.73,123660.02,64598.21,81982.63,47386.22,34118.84,69066.02,103726.59,31944.41,55942.57,99070.12,37861.66,48449.34,51767.76
g,111,111,2,315.233246,7.026,0.769500,[M+H]+,,11a-Hydroxyprogesterone,11a-Hydroxyprogesterone,C21H30O2,-1.000,4.453258,315.233246,531.89,380.11,596.58,946.84,846.86,972.66,595.94,17998.64,5080.00,23070.81,4418.20,17026.68,17833.59,514.16,53980.13,3444.13,10652.26,5829.29,4467.65,18949.29,738.41,13394.97,11337.02,11610.98,6641.21,3794.93,9176.99,33417.17,15347.89,1891.55,1980.81,18307.53,4940.95,9507.98,1854.81,17772.69,1339.83,15237.04,16928.33,8258.88,26908.96,11312.40,5318.06,668.91,12781.15,7916.81,15588.05,20094.57,13562.03,55074.50,26869.65,39077.93,73607.27,45624.64,28406.09,21084.42,15692.85,9646.51,25126.43,37422.71,23603.38,11670.25,61317.48,10256.97,44712.70,9964.76,40492.17,23915.73,10806.91,21480.97,34172.99,9866.40,19585.07,37754.64,37582.91,39627.58,22148.69
g,113,113,3,314.230743,7.021,0.729025,[M+H]+,,Decenoyl carnitine C10:1,Decenoyl carnitine C10:1,C17H31NO4,0.249,5.827068,314.230743,3104.97,4399.37,4239.19,4538.70,3811.22,4201.04,2128.00,106637.07,71648.38,103794.49,36636.86,94929.12,133952.56,110896.47,156797.70,42224.64,105495.19,91210.45,116557.40,163515.75,121040.25,169035.41,51687.57,114323.66,102213.74,58115.43,117239.10,118804.46,136698.62,104746.25,102869.31,84037.26,124771.80,164289.55,49160.47,197493.31,89564.94,122447.06,154912.64,141315.25,136207.80,100003.53,107047.24,73027.10,153919.23,109078.44,87171.09,105619.84,135826.56,368917.66,154048.98,330984.62,402888.00,258359.25,188501.50,158538.69,149588.31,204083.39,195427.69,237036.62,223170.20,164315.67,338099.03,151894.17,296914.16,174934.55,182380.81,132197.33,110103.44,145361.52,213848.62,95917.78,135527.48,260917.83,152360.83,159985.55,107298.34
g,114,114,5,344.277435,7.007,0.779615,[M+H]+,,Dodecanoylcarnitine,Dodecanoylcarnitine,C19H37NO4,0.037,6.116288,344.277435,986.50,359.28,699.07,440.93,307.16,290.96,323.79,125584.13,90718.93,130781.04,38337.04,126694.09,195022.48,148257.55,153503.42,58374.92,124759.26,115601.02,132134.02,138593.86,148620.52,116293.53,87187.48,121780.38,98602.28,123376.12,144984.73,118383.01,187366.70,167011.02,122582.97,74548.98,114657.60,172769.73,77197.96,167135.62,73474.11,147695.62,119413.72,126777.19,154215.95,182631.25,71456.51,67196.85,114097.74,94655.24,97196.29,60980.42,79650.84,167960.47,76132.46,138418.58,312785.72,147989.25,52664.48,99991.12,64849.87,124043.93,123361.35,106580.09,183785.42,95617.25,163576.02,63781.91,187091.39,93255.21,111799.66,58165.76,58742.16,75686.16,99761.75,52830.46,90631.75,158154.42,122981.46,84913.01,59786.44
g,116,116,8,343.122559,13.741,0.820000,[M+H]+,,Lactose,Lactose,C12H22O11 ,0.019,2.757156,343.122559,0.00,5701.81,8791.32,4273.94,3302.51,2956.72,0.00,20151.30,13654.86,37939.09,10635.34,15472.01,15446.13,46157.75,49273.42,12222.48,16849.29,39930.08,42933.62,22944.92,43463.34,39613.26,77876.23,115114.41,8261.65,16838.79,8237.68,6966.79,15763.18,19495.73,29882.09,13827.04,14757.70,8149.97,6403.54,9491.43,6784.48,48619.46,46467.34,34247.58,4773.40,17913.11,15034.47,44119.73,14945.09,8335.20,11357.97,11969.84,8125.52,60095.86,10654.67,82635.51,5889.30,16638.35,9355.00,18362.04,15268.58,7846.17,99037.13,14443.40,4226.18,5768.89,10391.71,14035.88,5458.69,42103.60,6222.64,10406.33,8503.62,5110.59,41898.62,21766.35,109021.96,3036.95,15616.58,8998.91,3351.86
g,118,118,7,343.122559,13.741,0.767990,[M+H]+,,Sucrose,Sucrose,C12H22O11,0.401,2.757156,343.122559,0.00,5701.81,8791.32,4273.94,3302.51,2956.72,0.00,20151.30,13654.86,37939.09,10635.34,15472.01,15446.13,46157.75,49273.42,12222.48,16849.29,39930.08,42933.62,22944.92,43463.34,39613.26,77876.23,115114.41,8261.65,16838.79,8237.68,6966.79,15763.18,19495.73,29882.09,13827.04,14757.70,8149.97,6403.54,9491.43,6784.48,48619.46,46467.34,34247.58,4773.40,17913.11,15034.47,44119.73,14945.09,8335.20,11357.97,11969.84,8125.52,60095.86,10654.67,82635.51,5889.30,16638.35,9355.00,18362.04,15268.58,7846.17,99037.13,14443.40,4226.18,5768.89,10391.71,14035.88,5458.69,42103.60,6222.64,10406.33,8503.62,5110.59,41898.62,21766.35,109021.96,3036.95,15616.58,8998.91,3351.86
g,121,121,0,335.292725,2.516,0.678679,[M+H]+,,C22:3,C22:3,C22H38O2,0.126,5.187983,335.292725,132281.67,252624.30,256740.62,258076.61,271041.62,267018.50,223149.64,363537.09,1535767.50,885541.50,417895.00,310594.97,304555.25,471302.38,595025.31,3495809.75,652312.44,463670.84,295490.12,337395.53,1113218.12,547914.25,7595081.50,1221206.62,524574.56,297498.31,310244.22,357055.66,565621.19,7439365.50,3223437.25,382310.41,447188.34,323544.78,308964.41,762158.94,2709469.00,1321902.12,367530.75,261808.69,284148.41,695393.31,513701.22,3328944.75,1642519.00,433192.41,402516.03,363249.25,463620.50,452642.22,807068.75,651123.81,468146.25,319370.97,283654.41,354759.66,604896.06,2866514.75,797583.19,437983.16,268748.78,250238.50,289245.28,1118794.88,2695873.25,4293733.50,1157631.50,287215.34,278514.81,452425.50,515873.84,2015635.62,692870.19,418222.28,263544.72,292765.47,291655.62
g,123,123,25,332.077850,13.339,0.828391,[M+H]+,,Deoxyadenosine monophosphate,Deoxyadenosine monophosphate,C10H14N5O6P,0.041,7.260063,332.077850,0.00,0.00,0.00,0.00,0.00,0.00,1478.40,25973.07,4692.21,24405.01,1865.14,30873.48,29756.22,30565.84,47727.56,13330.28,34365.31,20055.42,18439.44,11748.74,37530.01,49899.88,32946.51,34439.75,16158.27,61021.01,33435.68,9265.97,73817.10,35363.66,41970.71,26672.97,54617.28,60753.99,18623.02,45199.27,16949.47,46504.45,22011.35,53344.86,49442.79,57953.69,55702.03,10929.50,31242.08,9315.52,25867.28,29357.63,9901.11,55520.61,2869.22,9771.72,6291.64,3261.43,27532.85,7833.01,19964.28,1232.31,2062.32,33202.69,16983.98,38106.95,24087.87,55175.22,14241.37,50872.88,43822.34,38522.52,38965.12,13557.55,62828.64,21166.59,24543.61,19561.23,33522.22,26303.32,10022.55
g,124,124,7,608.094055,4.359,0.852499,[M+H]+,,Uridine diphosphate-N-acetylglucosamine,Uridine diphosphate-N-acetylglucosamine,C17H27N3O17P2,-1.000,8.531629,608.094055,0.00,0.00,0.00,0.00,0.00,0.00,0.00,7827.70,0.00,7695.84,4337.03,0.00,0.00,0.00,6911.98,91358.09,0.00,0.00,1006.90,0.00,0.00,20775.15,407968.75,2845.22,22216.70,6592.38,0.00,1619.46,5955.95,89753.40,20518.84,26735.70,10549.43,0.00,0.00,0.00,50205.06,1961.81,10643.82,1553.12,0.00,1721.49,1496.83,51400.84,1371.89,4836.69,11672.38,0.00,0.00,45420.84,4116.31,2583.50,13078.75,12559.21,0.00,1700.41,15870.97,3054.79,0.00,8993.06,5699.91,0.00,0.00,66330.53,4524.90,1080.83,9659.04,0.00,2138.86,3438.11,31031.69,214565.73,0.00,13040.50,6198.42,0.00,0.00
g,125,125,1,525.899414,11.010,0.799788,[M+H]+,,"3,5-Diiodothyronine","3,5-Diiodothyronine",C15H13I2NO4,-1.000,2.437225,525.899414,475.49,0.00,0.00,0.00,0.00,0.00,0.00,14418.81,12023.51,13242.16,11764.70,12881.60,14213.84,12306.07,11341.27,10689.55,11484.31,9448.91,8685.86,11359.77,12701.30,7432.00,5359.70,9574.45,11988.77,9217.35,9279.95,8162.71,7284.66,6100.13,6704.36,6088.42,5348.44,8407.99,7208.55,5608.51,7136.07,6399.99,5672.69,7807.07,6413.81,6786.08,11141.42,12105.52,11447.93,11996.38,10411.65,13044.91,11681.20,8935.93,8977.94,10537.71,9561.16,10364.98,7990.37,8782.08,9403.73,7457.08,5608.16,6728.17,6700.30,6415.86,8590.35,5906.31,6728.08,5185.81,4897.92,7037.94,7362.41,6026.38,6972.89,4590.72,5416.05,6295.36,3746.59,4051.22,5940.38
g,127,127,46,428.370850,7.028,0.854113,[M+H]+,,Stearoyl carnitine C18,Stearoyl carnitine C18,C25H49NO4,0.558,6.055450,428.370850,2016.78,724.59,3041.05,2831.66,2878.49,3319.46,4896.24,25514.43,48653.21,660670.75,49008.31,14242.48,26921.00,7527.29,21879.50,243583.89,142494.08,63492.80,10373.94,72721.34,87169.37,109497.95,736801.31,41054.73,54367.14,38592.11,5664.81,106744.19,132950.39,862611.31,153428.92,61884.60,56275.87,177217.67,213538.02,39957.11,244623.38,18797.61,263925.19,123642.29,86354.13,77084.55,52367.57,713410.44,84061.29,64785.13,209999.02,19550.42,51934.13,136603.95,152951.86,63024.94,23220.24,158773.38,41655.95,58846.27,65831.49,137367.67,34125.11,115437.09,29477.87,96082.37,51871.57,225005.02,439215.09,49561.50,44460.47,74822.18,21025.73,28049.15,136119.09,794155.31,44413.95,26804.58,24909.10,12920.68,30432.05
g,129,129,51,400.339783,5.738,0.799083,[M+H]+,,L-Palmitoylcarnitine,L-Palmitoylcarnitine,C23H45NO4 ,0.072,5.869613,400.339783,0.00,2029.43,1614.85,1079.51,882.76,928.93,191.41,311790.12,116446.62,213659.12,45595.95,244740.33,253624.69,272353.56,324335.88,92835.56,218642.45,203128.39,228156.23,235530.86,258392.00,242200.31,134181.27,226184.95,144182.14,219094.75,229831.31,142940.67,240262.30,331913.25,198209.75,157750.61,218028.42,213839.80,100370.84,277355.34,103565.21,228547.64,237606.52,240639.92,340858.34,299188.84,116098.04,117215.57,110774.15,112003.96,97675.34,106067.05,103002.28,190314.42,120462.25,199908.30,308655.91,206342.52,116687.77,156880.39,157557.23,151900.14,141676.80,174690.06,224265.06,144497.55,197268.30,109761.47,186361.67,126716.47,194157.80,216743.38,102938.51,113355.34,177420.14,156005.70,97023.06,275430.75,170596.56,165671.11,76270.56
g,132,132,0,500.303711,4.989,0.683514,[M+H]+,,Taurodeoxycholic acid,Taurodeoxycholic acid,C26H45NO6S,-1.000,0.670979,500.303711,0.00,0.00,309.44,0.00,0.00,266.96,0.00,1726.34,14332.59,2033.34,649.50,503.07,1967.35,6633.14,639.63,16490.08,2368.67,18170.47,2071.01,1025.90,1895.10,12887.96,41208.52,1914.71,564.90,4447.99,1778.49,5802.66,8038.07,22726.17,11957.98,9699.56,20780.18,3097.93,2573.25,14648.25,1769.80,975.29,8260.08,3061.32,26098.49,1957.34,8654.59,3251.99,13534.49,635.13,472.19,288.63,4526.78,6424.48,8522.36,1290.75,10852.90,841.41,15922.39,945.39,348.10,12341.13,21845.40,2095.36,9485.14,9666.13,1459.12,1432.82,16567.28,7150.57,1921.47,6340.53,2629.46,757.29,2051.27,25194.00,5119.59,18194.81,19405.72,14495.08,12443.12
g,136,136,0,205.096390,8.667,0.660960,[M+H]+,,L-Tryptophan,L-Tryptophan,C11H12N2O2,0.067,3.719893,205.096390,1744.27,1978.17,2321.96,1496.73,1026.09,1971.99,2466.09,143839.67,11303.44,15630.64,1718.30,61801.06,39935.69,26081.95,66735.89,4545.49,15190.36,12022.71,51283.80,34059.66,15793.81,39818.50,17348.02,12394.78,4556.56,34804.91,24568.15,4358.19,45944.47,11280.54,17015.59,10312.76,36354.41,35048.14,3912.29,21735.13,3484.14,14879.94,4619.51,29126.91,20658.36,24403.65,22151.04,6399.33,11672.05,3598.52,7327.92,6744.19,5992.97,7092.47,2919.77,15193.14,3484.57,5768.35,9768.37,4832.52,8324.66,5355.42,3377.75,2190.15,6044.90,7821.16,4099.32,5880.15,2005.20,7483.88,3414.25,5152.95,6113.91,1387.05,11792.39,5476.43,4012.71,3722.07,8451.54,6547.78,2033.27
g,137,137,71,204.121857,11.215,0.836915,[M+H]+,,L-Acetylcarnitine,L-Acetylcarnitine,C9H17NO4,0.165,5.755973,204.121857,25760.65,5347.60,6975.90,8043.71,4013.57,5497.10,16108.30,76337656.00,39613964.00,62527164.00,12120101.00,68903992.00,64610496.00,65927468.00,86258608.00,29844870.00,59474112.00,56649696.00,70324968.00,69486904.00,71572224.00,80980760.00,37550928.00,85004512.00,39287252.00,63798452.00,73068688.00,47663788.00,81077552.00,47323040.00,57676524.00,55816176.00,71662424.00,78415288.00,31286086.00,76032248.00,36412916.00,62058812.00,56006780.00,62380800.00,81749432.00,95855680.00,92491304.00,46059436.00,70123168.00,58954348.00,63200800.00,79135272.00,65503404.00,123868800.00,47581396.00,107622688.00,128692416.00,87920728.00,79038888.00,54273164.00,88037944.00,65053668.00,56880832.00,59365332.00,76934880.00,80510136.00,83719040.00,67549864.00,62336284.00,66267188.00,68645024.00,63897440.00,57783532.00,37325532.00,108954752.00,63938080.00,59679376.00,119808024.00,85367608.00,70262208.00,43758704.00
g,138,138,75,229.080887,6.112,0.850059,[M+H]+,,Deoxyuridine,Deoxyuridine,C9H12N2O5,0.028,4.396157,229.080887,806.09,2579.17,2506.40,2425.38,1591.51,2146.24,1211.66,48994.56,9608.96,19849.22,2954.44,42255.98,31189.21,25203.10,44574.03,6341.23,27408.51,22130.99,45236.45,23876.73,33774.75,29373.76,10467.57,19463.95,9685.59,35665.85,28764.03,9129.81,41821.63,12462.38,23737.24,12088.75,36820.14,36377.06,7252.16,35734.32,6601.73,29700.55,14736.33,26460.90,18898.50,43106.62,39049.99,14369.60,18727.68,16299.73,27736.08,17325.80,21720.85,54886.64,8044.73,80159.62,45012.57,39072.59,29602.43,30686.34,47309.67,32487.02,17061.25,42636.57,27128.16,33802.03,30842.38,25710.65,14103.43,29126.00,25593.03,19235.28,18786.13,10461.38,64342.25,19084.79,14898.41,30905.24,27332.64,29926.64,13264.25
g,139,139,69,228.097168,8.185,0.850875,[M+H]+,,Deoxycytidine,Deoxycytidine,C9H13N3O4,0.085,3.144102,228.097168,3092.58,4621.20,4109.45,2608.22,1488.03,951.02,324.85,65807.34,22194.09,53473.86,7974.30,57950.48,52245.61,62401.08,65858.62,17084.39,43543.91,44683.36,64466.49,48396.13,52235.86,75764.35,23966.45,70494.85,27063.92,60049.28,67558.02,30755.19,82310.79,32054.40,60528.22,41451.54,83545.55,78045.43,24234.27,92492.46,26212.23,68720.35,52616.29,73049.73,98196.84,102271.19,72077.13,33670.36,47479.26,46045.32,53021.55,57115.50,47616.58,108635.93,21347.15,79852.09,69908.71,78465.35,61472.52,44305.93,106447.68,52923.94,44926.43,77426.13,87834.04,93760.78,56060.56,83472.27,36110.70,81633.78,65745.55,86620.19,90798.91,33140.34,195893.95,62772.36,44586.44,108448.87,108066.47,122086.59,44245.47
g,140,140,6,220.117142,8.676,0.738652,[M+H]+,,Pantothenic acid,Pantothenic acid,C9H17NO5,0.386,3.674011,220.117142,377.82,2931.19,3064.80,2294.12,3099.80,2994.55,4391.18,47678.52,24800.14,35306.00,7303.06,43832.48,36826.16,44834.25,44276.08,19178.77,35685.13,31360.15,42489.65,41309.86,53397.40,56319.55,34393.52,51000.78,30985.27,50890.89,62448.13,32285.72,43266.94,43347.62,44895.50,42539.34,45745.46,62061.43,24133.70,59903.20,38703.68,61763.61,45260.17,58885.14,53337.84,108358.91,27111.13,17335.28,22497.17,14500.20,23798.04,24624.42,22974.05,29568.74,12170.71,30972.37,25682.83,23551.31,27506.09,17137.55,32656.43,29188.03,18668.19,22321.69,25439.82,26990.11,24895.55,32556.12,26475.85,30640.83,27553.64,22057.03,30391.33,16252.47,38129.36,23785.08,21376.56,23254.72,29651.41,26536.02,17095.20
g,142,142,75,217.128601,13.244,0.852875,[M+H]+,,N-a-Acetyl-L-arginine,N-a-Acetyl-L-arginine,C8H16N4O3,0.016,4.216504,217.128601,4009.73,4906.17,6104.72,5952.61,6324.43,7216.04,4608.73,222868.05,185908.70,173759.98,33489.95,271024.41,172784.48,173396.69,391178.75,178494.64,273509.75,161416.23,420276.00,251605.00,189607.20,346713.72,356521.03,296843.16,90722.74,412247.75,305919.09,98020.04,486542.16,261605.20,362556.84,175503.14,470975.09,427099.34,113364.13,288962.81,190129.55,336541.78,143960.00,345959.97,267885.81,331596.38,412240.34,236048.05,368953.75,151620.56,297369.34,255584.12,199500.67,494410.66,117810.27,556273.94,218299.11,204030.61,322367.03,183648.55,487383.16,290179.41,290224.38,222395.25,299012.66,309331.34,239248.12,446426.50,157566.14,582115.88,225498.25,431082.38,441599.53,145340.50,561447.81,247681.50,322720.72,212520.81,413481.88,448941.16,167135.95
g,145,145,8,190.117905,13.426,0.798980,[M+H]+,,Homocitrulline,Homocitrulline,C7H15N3O3,0.004,3.772187,190.117905,850.52,0.00,0.00,0.00,0.00,0.00,885.11,21757.21,9452.25,18695.24,5647.47,19150.08,21240.17,18191.88,34031.07,10845.45,24478.54,23334.67,25064.96,29579.00,20503.63,24566.19,15665.57,30281.47,11087.75,16409.79,25205.98,14514.29,30331.42,14320.89,18623.13,15194.75,24794.05,30836.75,10063.55,25409.97,12369.77,25635.67,18143.45,22954.42,30940.16,29144.17,31250.13,15324.49,17013.42,13379.53,20735.52,20824.17,15461.51,41642.26,10478.70,28880.59,20734.62,23733.83,24149.77,14236.50,26542.47,16144.31,12789.84,20103.42,20696.10,19463.69,16797.13,29633.72,12237.44,25202.90,21973.07,20129.70,22402.40,10590.01,41723.56,16309.80,17083.89,24140.65,24380.80,26721.87,10678.98
g,146,146,0,189.159073,17.769,0.643308,[M+H]+,,"N6,N6,N6-Trimethyl-L-lysine","N6,N6,N6-Trimethyl-L-lysine",C9H20N2O2,0.669,3.629977,189.159073,7001.67,689.51,1120.34,1017.71,878.14,1403.37,1642.38,79593.96,25089.12,38818.00,13398.90,82975.07,75201.77,68707.94,156093.73,19154.95,40343.75,37968.14,139230.62,205968.30,57034.11,92648.02,48036.02,61704.02,25741.93,128057.71,71778.49,31771.16,175089.83,42228.00,49915.14,67307.66,158789.48,134631.83,23947.40,120057.90,24936.58,54781.31,89645.54,146128.86,103935.79,106196.16,127752.41,32593.41,41962.56,33861.35,89999.59,105307.63,46958.15,150204.80,23127.34,173665.89,252307.81,99116.56,133020.91,129364.75,184584.23,44357.12,31705.99,89715.09,153282.77,169637.75,89432.24,184737.00,45843.42,79399.19,127177.77,490379.41,140060.27,54669.99,352904.75,51468.55,53734.56,370760.22,205950.94,272994.34,142750.36
g,148,148,0,189.122528,12.812,0.549913,[M+H]+,,N6-Acetyl-L-lysine,N6-Acetyl-L-lysine,C8H16N2O3,-1.000,4.437492,189.122528,15557.41,19429.83,11018.75,6344.30,5838.55,4241.75,7323.74,95778.34,44233.40,78081.75,25314.75,66865.63,65677.70,61996.59,85405.71,39863.70,57634.58,69065.23,87371.74,53488.19,54152.56,88547.66,105623.29,84489.17,40324.27,68736.37,73160.92,41339.62,78382.04,54419.09,64220.46,48839.80,71020.10,79304.73,28557.29,72227.66,37509.30,62734.31,48769.58,61380.55,69131.80,95613.57,118694.38,90365.12,78671.73,62640.88,70926.55,73823.66,64392.36,127907.48,36364.57,93515.95,71897.02,61856.16,90842.96,54314.00,95642.50,59120.11,47618.97,67397.84,56662.51,81215.88,50674.51,87846.23,41702.54,73661.38,68760.87,71431.90,70562.57,35715.99,130195.21,73166.05,47511.94,63390.48,79247.00,75899.94,32072.36
g,149,149,0,189.122711,13.525,0.634520,[M+H]+,,N6-Acetyl-L-lysine,N6-Acetyl-L-lysine,C8H16N2O3,-1.000,3.469312,189.122711,4278.00,5404.09,5542.02,5413.27,5629.91,4867.42,7478.14,39751.50,23769.26,37018.98,10180.42,43620.70,35739.40,31488.91,55735.44,28995.95,37351.62,31258.57,53332.33,36677.41,34555.75,55575.64,53008.98,50939.58,26227.49,52766.17,44456.84,22073.91,53388.88,36754.24,46038.56,33183.44,64233.91,53217.01,20066.77,40355.90,24033.46,40887.16,29906.89,49790.31,37109.29,58917.92,59655.75,34188.30,41782.07,31497.32,38478.82,42088.59,35980.84,65573.57,22442.17,66334.13,55247.96,44805.27,44138.91,43526.85,62916.47,41106.56,33181.42,43882.95,44674.29,43858.83,36642.27,55506.22,29089.61,46705.69,36850.26,49574.84,49456.50,25240.81,81778.17,32564.64,33570.96,51212.68,46787.70,59212.36,23505.67
g,151,151,16,189.086151,10.917,0.809977,[M+H]+,,N-Acetylglutamine,N-Acetylglutamine,C7H12N2O4,0.357,4.438345,189.086151,3397.12,3476.44,4251.73,2379.59,2003.81,1184.79,4385.26,143459.53,72574.37,81036.43,19205.94,91660.84,83692.44,81383.09,157045.11,38420.43,84089.04,80847.52,93158.13,95185.76,75228.80,98981.21,51328.25,90491.52,27595.10,71965.81,77897.57,32918.70,61870.42,28918.90,44388.71,38944.80,82365.31,72305.52,18590.95,63744.50,23116.04,59976.25,34529.09,48356.36,44155.61,81575.97,160887.12,50187.36,99599.94,101169.25,87943.66,99875.04,88742.28,135809.06,62873.23,178213.45,110673.94,68364.11,99283.23,90778.95,86194.84,50883.97,41675.16,66609.53,59533.47,68418.76,43441.02,48457.29,26979.70,59618.04,47718.09,38772.23,36351.69,19290.73,95644.34,46942.98,49208.40,50021.30,59191.09,74810.44,31212.19
g,154,154,27,232.153229,8.743,0.755769,[M+H]+,,Butyryl carnitine C4,Butyryl carnitine C4,C11H21NO4,0.693,4.798065,232.153229,1662.41,40650.00,28306.85,28364.69,27703.64,29220.61,126911.22,1658474.62,1296616.38,972471.50,223129.58,1462206.88,1263073.38,1167921.25,2091279.88,894146.94,1425795.12,872239.00,1807475.00,1717244.50,1436657.62,1823290.62,1417176.62,1243399.00,609056.88,1829099.38,1470778.38,763465.25,2142307.25,981729.56,1598983.62,1104139.62,2040967.12,1955990.00,745419.00,1497310.38,1163368.62,1545566.38,834246.56,1479770.00,1671422.12,1667296.88,934642.31,413280.09,703231.31,493201.34,596951.94,731817.06,570936.31,1094482.12,372826.84,872757.50,827905.81,619993.25,720406.44,417730.66,826845.69,548056.81,455791.72,474293.00,564398.00,754535.75,507649.38,932669.00,554611.56,746138.44,562833.94,700596.69,709543.06,308825.00,1158344.12,601255.94,540638.12,833535.25,804194.00,803743.50,405455.75
g,155,155,51,269.086853,8.437,0.824794,[M+H]+,,Inosine,Inosine,C10H12N4O5,0.007,4.423034,269.086853,0.00,0.00,0.00,0.00,0.00,0.00,0.00,56108.29,52230.11,340305.25,7289.67,55819.39,145885.41,38973.39,27489.94,22278.55,290029.34,20428.34,4912.30,101288.41,33353.84,61467.70,72068.02,434141.22,11341.53,22719.07,115870.66,1260.46,42477.34,73986.71,356490.75,29926.43,11861.96,105246.77,4462.01,15009.28,51788.63,311259.88,5775.34,3521.84,71550.10,30773.19,50178.85,139688.78,75110.59,26024.25,47841.39,62357.14,77038.09,4720.11,55315.62,43072.42,28375.79,14190.75,28646.92,19204.29,13891.97,159017.73,22880.99,18035.02,9173.96,31258.16,20591.56,28435.85,42146.49,45630.60,20859.45,14153.79,20561.76,8800.73,82202.52,91015.24,12758.09,147883.84,54624.52,82332.94,17343.87
g,157,157,1,265.110992,15.488,0.746064,[M+H]+,,Thiamine,Thiamine,C12H16N4OS,-1.000,2.877803,265.110992,0.00,595.54,4286.11,1369.54,1478.66,1280.33,389.76,53502.64,25954.52,35899.11,7854.70,48763.61,46175.82,44268.61,59133.02,19157.23,43478.21,33838.43,46453.05,40667.25,43098.21,48024.89,25392.64,42661.66,20167.55,41868.96,43644.62,22130.95,51496.46,31733.08,37875.16,27569.40,53563.44,40342.39,19724.55,39679.26,18378.30,38230.23,25004.31,36086.04,34874.19,46215.96,59806.78,30244.54,48636.88,31788.02,43164.25,41485.36,35526.42,58621.86,15870.13,50212.31,43010.56,31212.68,30980.78,23476.79,49475.77,36838.11,32977.61,37026.01,36491.47,39583.00,31441.52,36940.55,21797.31,40760.85,30074.55,31154.17,32965.00,15709.71,44045.93,27631.24,21212.00,24232.03,29162.03,31751.63,13968.16
g,158,158,0,276.142609,13.324,0.610480,[M+H]+,,Glutarylcarnitine,Glutarylcarnitine,C12H21NO6 ,0.094,5.636174,276.142609,2681.18,2274.65,2095.24,2860.51,1878.70,1527.60,2557.43,18159.19,15078.95,23052.44,3666.72,25311.17,32181.26,17358.74,32761.24,14745.37,26437.71,24972.54,28641.92,25063.21,25878.15,41408.84,27575.63,35190.14,16175.91,30971.17,36461.89,16972.19,40169.32,22142.32,23449.22,19403.02,42795.78,35917.20,9367.88,29550.84,16118.53,30685.73,28038.21,34325.64,25559.81,70762.48,34191.60,21546.54,20851.18,20986.76,18767.47,26970.79,19333.68,50332.86,9892.16,35803.35,33657.17,28758.72,31445.14,21741.21,33034.93,18629.35,19641.02,31450.92,30723.38,25432.27,21515.47,32526.29,20429.52,31888.83,34838.46,23280.37,27298.93,14435.89,47282.50,18648.25,21486.72,28836.43,33274.11,37660.57,13684.03
g,159,159,0,300.288116,4.216,0.687050,[M+H]+,,sphingosine (d18:1),sphingosine (d18:1),C18H37NO2,0.074,5.284610,300.288116,8154.24,2499.23,3318.29,5776.34,5580.71,3076.16,3190.94,14971.66,11138.33,44912.32,22736.01,23137.43,6141.51,18493.97,26109.17,247411.88,19447.12,9540.11,30168.65,7218.30,11742.61,28736.19,428253.72,8461.66,10698.40,19793.68,6643.48,14296.06,8897.12,154261.78,30576.48,12304.21,17483.01,10290.98,7341.02,16727.52,81646.56,13474.85,8290.07,11962.08,135507.73,7162.88,25122.88,339434.09,13637.43,9221.98,63890.76,11338.12,10272.67,14059.72,27694.79,19029.41,15418.85,35355.05,8948.08,7031.64,11403.44,19449.04,18971.62,5615.92,40069.71,15872.11,9432.20,8326.89,9976.08,18907.41,6836.58,18271.00,8783.01,43882.51,11074.74,156611.20,23621.69,7767.93,19743.31,18049.27,10483.33
g,163,163,44,244.091766,9.087,0.823143,[M+H]+,,Cytidine,Cytidine,C9H13N3O5,0.023,4.250833,244.091766,2803.15,0.00,0.00,0.00,0.00,267.94,0.00,22776.95,5831.60,11241.29,3559.56,24785.26,23366.54,23746.49,33042.83,7316.52,11276.28,15285.74,25709.85,22043.48,25274.04,14928.80,11130.14,17045.95,8907.16,26317.21,22516.74,8068.40,15063.39,10775.23,11487.21,11428.39,16592.44,26373.07,4532.02,25115.72,8680.27,14139.92,14708.00,24469.33,21281.99,30344.08,14004.05,10106.71,8888.60,13639.25,7117.34,12580.11,12990.23,12448.24,4941.40,10012.42,18523.84,12423.86,8178.36,11139.36,10468.56,9215.83,4780.68,11883.04,12500.13,11696.59,13060.89,10854.10,9928.91,7440.15,14931.22,8574.91,12173.13,6880.52,33101.64,12969.27,6432.19,31648.59,13340.52,20146.19,8874.81
g,164,164,35,243.096573,5.267,0.781803,[M+H]+,,Thymidine,Thymidine,C10H14N2O5,0.003,4.017163,243.096573,850.38,883.77,992.16,1101.81,960.42,778.43,757.64,106695.44,36630.23,49366.39,7624.41,73863.07,55303.73,68049.32,70770.56,42176.03,49791.18,60124.29,72873.80,67141.72,58644.93,58721.85,34007.74,42954.76,34928.61,60121.54,65882.91,30817.09,58801.31,29896.67,54686.95,42071.12,67078.34,71560.43,36453.37,61092.07,38084.73,70406.51,44894.08,60805.66,62765.86,75596.72,85508.97,51034.86,100185.75,81135.83,83474.70,76487.94,101757.19,119635.46,41172.80,124734.00,109285.99,118161.43,89475.01,107474.74,113511.62,67040.94,76153.84,91563.51,123862.70,95740.90,93204.81,79346.74,43568.99,108180.19,101337.30,106599.12,105974.57,67008.57,131189.70,67714.00,64127.99,94948.31,104749.90,106200.57,65647.96
g,165,165,9,241.030167,14.199,0.821415,[M+H]+,,L-Cystine,L-Cystine,C6H12N2O4S2,0.399,3.988297,241.030167,1156.37,2452.97,5363.07,5439.58,3755.71,3412.50,897.75,83541.49,30085.86,37265.33,13007.39,33520.78,37975.20,31842.47,64768.79,16956.08,42855.91,46433.22,34448.47,44429.93,35114.66,56858.51,16682.89,45364.96,25166.65,29675.58,35557.72,23366.72,35735.28,11671.11,23931.03,18892.96,16237.82,28339.85,24194.71,24149.88,12168.85,22585.77,12662.38,14266.65,17266.45,31726.03,84135.02,31350.46,39696.67,40697.71,33837.49,51532.44,39799.34,43235.31,21906.08,42744.13,25500.41,23627.53,36392.97,33451.47,44213.21,18891.90,22100.91,26098.22,19110.10,24295.79,25379.28,26108.50,13363.08,26912.58,20327.33,20307.42,21994.99,14835.82,23452.56,13559.44,17232.27,9584.43,11866.50,13988.66,10674.59
g,166,166,5,235.106491,7.512,0.806325,[M+H]+,,5-Methoxytryptophan,5-Methoxytryptophan,C12H14N2O3,0.958,5.257002,235.106491,3415.77,2684.88,2081.08,1736.79,1096.50,851.29,252.67,81574.63,20967.70,328590.91,3146.61,112317.31,100995.02,90986.80,130686.34,17117.08,286503.09,77499.40,138382.91,78424.78,85960.32,112218.73,37929.48,369640.91,15651.03,93995.96,95587.44,21184.60,133447.23,110494.59,455343.34,78551.99,134682.19,120239.23,15013.70,120939.59,25697.89,360494.00,54688.73,146048.97,138298.62,126596.43,35591.28,23675.88,292608.50,12807.82,17160.47,26274.49,65535.72,26838.03,18780.18,265003.31,26137.05,45372.44,47228.79,13083.25,33053.45,36269.33,262258.16,21055.19,45545.77,70039.37,40831.17,62965.29,20426.29,472871.38,27410.76,24792.28,23607.96,4598.09,135545.39,42380.62,193043.86,0.00,159066.12,129717.29,9495.33
g,167,167,6,241.153458,11.184,0.729831,[M+H]+,,Pirbuterol,Pirbuterol,C12H20N2O3,-1.000,4.998636,241.153458,2561.93,5949.59,1909.16,1121.01,2216.86,3161.78,3159.50,122240.00,68299.95,119820.90,20901.05,146623.72,130655.79,148774.75,233225.05,61256.20,108624.41,124465.27,183472.44,170607.30,168628.05,153721.23,120981.06,186764.08,69174.71,140773.27,144224.77,75676.79,174935.83,113933.30,132092.05,94749.66,193028.56,179522.30,57609.16,153500.64,75937.40,145113.67,113284.81,158462.20,125513.77,213235.70,126824.34,85269.49,89077.66,84986.09,101493.26,121336.22,108609.45,142907.20,54811.32,167424.45,207577.25,117083.62,135100.58,131440.38,157298.25,111467.62,82535.27,123825.50,141786.70,156750.45,125305.02,153008.44,91727.25,128939.53,127004.70,211246.94,124231.38,72777.73,261138.62,90492.50,101377.88,256212.11,155751.53,200439.31,122810.19
g,169,169,1,260.184174,7.532,0.715919,[M+H]+,,Hexanoyl carnitine C6,Hexanoyl carnitine C6,C13H25NO4,0.582,5.629995,260.184174,1499.07,19964.64,4290.19,5675.75,4017.62,6962.79,16773.00,120226.31,75902.84,84335.16,18452.48,113449.56,121667.02,113617.40,145577.06,59986.26,103354.27,80406.48,101875.45,134046.61,137145.84,142342.52,96477.32,137235.30,71841.39,124457.38,123560.25,112492.97,121099.15,62873.33,79778.74,82959.80,96916.10,166412.83,38563.26,169870.61,96770.06,100179.46,101474.01,121683.48,138220.64,151631.77,66849.26,83800.66,115876.94,91526.60,69784.47,61460.06,85558.00,237792.31,95190.88,171147.05,410293.16,187614.48,98356.65,108779.85,100318.26,128193.96,141093.28,135149.98,202667.80,107103.45,237528.67,56069.21,234094.77,135742.95,120059.66,46305.68,47433.28,87159.76,130634.82,88597.88,94697.94,224877.81,111586.90,81128.48,80354.57
g,170,170,76,258.108917,13.467,0.849865,[M+H]+,,Glycerophosphocholine,Glycerophosphocholine,C8H20NO6P,0.157,4.611155,258.108917,197591.38,9502.55,14391.97,15330.33,13357.11,14370.93,33358.80,563616.69,244725.58,787735.31,159942.12,965552.25,689856.69,921644.19,1126905.50,328198.59,713222.75,596785.56,1144851.88,753118.19,1059157.62,587281.81,860915.94,1204394.12,379694.00,1219974.88,630386.94,357752.41,979172.69,617553.81,895543.94,608402.50,1067806.00,964993.94,319700.53,1059946.00,329846.38,1051743.25,843340.69,1149962.62,789736.69,1688503.50,589741.94,445030.00,540529.94,419391.59,523280.34,710246.81,589869.56,600014.31,203120.08,887233.75,1152429.12,693760.56,771940.25,763192.25,605940.12,388839.59,391334.16,568611.69,754783.19,729761.50,614475.06,693183.44,358097.59,706882.06,713564.69,1113449.62,698077.00,323484.97,1642850.38,432480.84,496802.38,1455524.50,933385.75,1030390.81,725548.25
g,171,171,0,246.168854,8.071,0.575842,[M+H]+,,Isovaleryl carnitine C5,Isovaleryl carnitine C5,C12H23NO4,0.281,4.586873,246.168854,4271.11,2096.06,1561.88,2445.50,1935.79,1582.89,5304.95,491546.03,331924.22,418049.66,67861.68,528571.25,445591.47,384569.41,779650.81,308326.22,520302.91,335414.88,686093.31,528353.44,481685.34,508662.53,1152069.38,591533.50,176427.02,545957.31,561400.56,173681.50,750166.81,665241.31,573237.50,358947.84,678382.50,754465.56,164580.05,682152.06,349764.78,520712.12,403243.97,553906.94,594623.50,680017.50,422862.38,509702.53,267678.41,188909.95,245667.75,346372.75,219889.14,429603.66,124031.23,436458.22,318483.25,322228.59,385356.25,221827.55,424703.84,321436.88,222656.61,258672.92,292735.59,412676.75,198442.55,470032.91,248267.05,410296.72,261978.58,428671.03,446953.22,140137.33,748053.94,426459.00,239724.81,483942.34,505620.66,515633.84,233947.89
g,173,173,2,248.030685,13.342,0.778502,[M+H]+,,Pyridoxal 5'-phosphate,Pyridoxal 5'-phosphate,C8H10NO6P,0.448,4.737000,248.030685,0.00,0.00,0.00,0.00,0.00,0.00,0.00,13348.26,6347.27,10223.69,3483.61,9506.21,11694.10,9958.02,10576.12,4573.72,8840.13,9447.65,11031.43,10198.59,11388.85,10732.88,3383.59,5889.37,7330.47,5916.44,10149.71,8119.87,11971.93,8516.06,7909.28,10028.64,4972.46,12079.45,9250.80,8919.18,6439.77,8781.82,9043.29,11621.19,7804.20,8713.67,8853.45,3190.41,7357.06,5837.68,5289.97,8687.51,5508.94,13424.37,5277.25,9697.24,7938.89,7711.69,6289.21,7568.25,11863.22,10482.47,9411.95,9177.73,9976.83,5817.09,6454.92,8481.78,7229.71,10122.66,8177.02,6197.79,7169.52,6812.79,8050.96,6168.17,6373.61,8124.86,6443.98,6026.06,5091.07
